DATE,TIME,VOLUME,OPEN,CLOSE,MIN,MAX
09/15/2011,12:30:01,762,.6331,.6332,.6329,.6336
09/15/2011,12:31:01,1031,.6332,.6328,.6326,.6333
09/15/2011,12:32:01,801,.6327,.633,.6327,.6332
09/15/2011,12:33:01,806,.633,.6329,.6327,.6332
09/15/2011,12:34:01,806,.6328,.633,.6328,.6332
09/15/2011,12:35:01,852,.633,.6328,.6325,.6331
09/15/2011,12:36:01,631,.6328,.6325,.6324,.6329
09/15/2011,12:37:01,702,.6326,.6326,.6323,.6327
09/15/2011,12:38:01,801,.6325,.6328,.6324,.6329
09/15/2011,12:39:01,826,.6328,.6326,.6324,.6329
09/15/2011,12:40:01,707,.6326,.6325,.6324,.6328
09/15/2011,12:41:01,798,.6325,.6326,.6324,.6328
09/15/2011,12:42:01,802,.6326,.6326,.6324,.6328
09/15/2011,12:43:01,489,.6326,.6326,.6324,.6328
09/15/2011,12:44:01,597,.6326,.6327,.6324,.6328
09/15/2011,12:45:01,657,.6327,.6329,.6326,.633
09/15/2011,12:46:01,566,.6328,.6329,.6328,.6331
09/15/2011,12:47:01,597,.6329,.6329,.6328,.633
09/15/2011,12:48:01,545,.6328,.6329,.6327,.633
09/15/2011,12:49:01,498,.6329,.6327,.6326,.6331
09/15/2011,12:50:01,604,.6327,.6326,.6325,.6329
09/15/2011,12:51:01,554,.6326,.6326,.6325,.6329
09/15/2011,12:52:01,438,.6326,.6328,.6326,.633
09/15/2011,12:53:01,532,.6328,.6329,.6327,.6331
09/15/2011,12:54:01,547,.633,.6329,.6328,.6332
09/15/2011,12:55:01,634,.6329,.6331,.6328,.6335
09/15/2011,12:56:01,761,.6332,.633,.6329,.6334
09/15/2011,12:57:01,785,.6331,.6332,.633,.6334
09/15/2011,12:58:01,333,.6331,.6331,.6329,.6332
09/15/2011,12:59:01,656,.6331,.6332,.633,.6334
09/15/2011,13:00:01,667,.6332,.632,.6316,.6334
09/15/2011,13:01:01,605,.6318,.6321,.6314,.6322
09/15/2011,13:02:01,1109,.632,.6324,.6316,.6325
09/15/2011,13:03:01,756,.6324,.6326,.632,.6329
09/15/2011,13:04:01,1143,.6326,.6325,.6322,.6328
09/15/2011,13:05:01,1151,.6324,.6322,.6318,.6326
09/15/2011,13:06:01,1120,.632,.6316,.6314,.6323
09/15/2011,13:07:01,1234,.6316,.6316,.6313,.6319
09/15/2011,13:08:01,1106,.6316,.6316,.6313,.6318
09/15/2011,13:09:01,1116,.6316,.6318,.6314,.632
09/15/2011,13:10:01,932,.6318,.632,.6316,.6321
09/15/2011,13:11:01,1107,.6319,.6315,.6314,.632
09/15/2011,13:12:01,1228,.6316,.6312,.631,.6316
09/15/2011,13:13:01,1134,.6311,.6312,.631,.6314
09/15/2011,13:14:01,1140,.6312,.6314,.631,.6315
09/15/2011,13:15:01,1074,.6312,.6314,.6311,.6316
09/15/2011,13:16:01,966,.6312,.631,.6308,.6315
09/15/2011,13:17:01,1089,.6311,.6311,.6307,.6313
09/15/2011,13:18:01,1142,.631,.6311,.6309,.6314
09/15/2011,13:19:01,1051,.6311,.6311,.6308,.6314
09/15/2011,13:20:01,1098,.631,.6311,.6309,.6314
09/15/2011,13:21:01,1126,.6312,.6314,.631,.6316
09/15/2011,13:22:01,1129,.6315,.6317,.6311,.6318
09/15/2011,13:23:01,1191,.6317,.6316,.6314,.632
09/15/2011,13:24:01,1050,.6316,.6316,.6313,.6319
09/15/2011,13:25:01,1047,.6316,.6314,.6311,.6317
09/15/2011,13:26:01,961,.6314,.6314,.6312,.6316
09/15/2011,13:27:01,809,.6314,.6316,.6313,.6317
09/15/2011,13:28:01,1017,.6315,.6316,.6313,.6319
09/15/2011,13:29:01,887,.6316,.6316,.6316,.632
09/15/2011,13:30:01,673,.6317,.6316,.6313,.632
09/15/2011,13:31:01,789,.6316,.6312,.6311,.6317
09/15/2011,13:32:01,565,.6312,.6314,.6311,.6316
09/15/2011,13:33:01,689,.6314,.6316,.6311,.6316
09/15/2011,13:34:01,679,.6316,.6315,.6314,.6317
09/15/2011,13:35:01,498,.6315,.6317,.6314,.6318
09/15/2011,13:36:01,543,.6316,.632,.6316,.6322
09/15/2011,13:37:01,546,.632,.6318,.6317,.6321
09/15/2011,13:38:01,415,.6318,.6317,.6316,.632
09/15/2011,13:39:01,609,.6318,.6317,.6316,.6321
09/15/2011,13:40:01,517,.6317,.6318,.6316,.6321
09/15/2011,13:41:01,612,.6317,.632,.6316,.6322
09/15/2011,13:42:01,392,.632,.632,.6319,.6323
09/15/2011,13:43:01,659,.632,.632,.6317,.6322
09/15/2011,13:44:01,482,.6319,.632,.6318,.6323
09/15/2011,13:45:01,392,.6319,.6318,.6317,.6321
09/15/2011,13:46:01,361,.6318,.632,.6316,.6321
09/15/2011,13:47:01,501,.632,.632,.6318,.6324
09/15/2011,13:48:01,655,.6319,.632,.6318,.6322
09/15/2011,13:49:01,717,.632,.6318,.6318,.6323
09/15/2011,13:50:01,438,.6318,.6321,.6316,.6322
09/15/2011,13:51:01,662,.6321,.632,.6319,.6322
09/15/2011,13:52:01,555,.632,.6314,.6314,.6321
09/15/2011,13:53:01,627,.6316,.6316,.6313,.6317
09/15/2011,13:54:01,153,.6316,.6316,.6314,.6317
09/15/2011,13:55:01,73,.6314,.6315,.6313,.6316
09/15/2011,13:56:01,83,.6315,.6313,.6312,.6316
09/15/2011,13:57:01,106,.6312,.6312,.631,.6313
09/15/2011,13:58:01,69,.6312,.6314,.631,.6314
09/15/2011,13:59:01,69,.6314,.6316,.6312,.6316
09/15/2011,14:00:01,91,.6315,.6311,.631,.6318
09/15/2011,14:01:01,87,.6311,.6307,.6306,.6313
09/15/2011,14:02:01,99,.6307,.6306,.6304,.6308
09/15/2011,14:03:01,128,.6306,.6307,.6305,.6308
09/15/2011,14:04:01,158,.6306,.6306,.6304,.6308
09/15/2011,14:05:01,114,.6307,.6305,.6303,.6307
09/15/2011,14:06:01,137,.6304,.6306,.6304,.6308
09/15/2011,14:07:01,141,.6306,.6306,.6304,.6307
09/15/2011,14:08:01,105,.6305,.6304,.6303,.6307
09/15/2011,14:09:01,125,.6304,.6304,.6302,.6305
09/15/2011,14:10:01,83,.6304,.6303,.6302,.6305
09/15/2011,14:11:01,171,.6303,.6304,.6302,.6305
09/15/2011,14:12:01,668,.6304,.6306,.6304,.6308
09/15/2011,14:13:01,569,.6307,.6306,.6305,.6309
09/15/2011,14:14:01,479,.6306,.6306,.6305,.6308
09/15/2011,14:15:01,254,.6306,.6308,.6305,.6308
09/15/2011,14:16:01,389,.6308,.6308,.6306,.631
09/15/2011,14:17:01,540,.6308,.6307,.6305,.6309
09/15/2011,14:18:01,475,.6306,.6308,.6305,.6308
09/15/2011,14:19:01,878,.6307,.6308,.6306,.631
09/15/2011,14:20:01,536,.6308,.6309,.6306,.6309
09/15/2011,14:21:01,636,.6308,.6309,.6308,.6312
09/15/2011,14:22:01,719,.6309,.6309,.6308,.6312
09/15/2011,14:23:01,517,.6309,.631,.6308,.6312
09/15/2011,14:24:01,503,.631,.6312,.6309,.6313
09/15/2011,14:25:01,308,.6312,.6312,.631,.6314
09/15/2011,14:26:01,441,.6312,.6315,.6312,.6316
09/15/2011,14:27:01,663,.6315,.6317,.6313,.6317
09/15/2011,14:28:01,810,.6316,.6318,.6315,.632
09/15/2011,14:29:01,414,.6318,.6318,.6316,.632
09/15/2011,14:30:01,439,.6318,.6319,.6315,.6319
09/15/2011,14:31:01,514,.6319,.6316,.6315,.632
09/15/2011,14:32:01,706,.6316,.6318,.6316,.6321
09/15/2011,14:33:01,715,.6319,.632,.6317,.6322
09/15/2011,14:34:01,705,.632,.632,.6318,.6322
09/15/2011,14:35:01,516,.632,.6322,.6318,.6323
09/15/2011,14:36:01,744,.6322,.6322,.6321,.6324
09/15/2011,14:37:01,530,.6322,.632,.632,.6323
09/15/2011,14:38:01,325,.632,.6319,.6318,.6321
09/15/2011,14:39:01,490,.6319,.6319,.6318,.6321
09/15/2011,14:40:01,532,.6319,.6319,.6317,.6321
09/15/2011,14:41:01,680,.6318,.6319,.6318,.6321
09/15/2011,14:42:01,632,.6319,.6319,.6318,.6322
09/15/2011,14:43:01,543,.6319,.6316,.6315,.6319
09/15/2011,14:44:01,776,.6316,.6315,.6313,.6318
09/15/2011,14:45:01,150,.6315,.6316,.6314,.6316
09/15/2011,14:46:01,580,.6316,.6315,.6314,.6317
09/15/2011,14:47:01,627,.6315,.6314,.6313,.6317
09/15/2011,14:48:01,544,.6315,.6317,.6314,.6318
09/15/2011,14:49:01,561,.6316,.6317,.6316,.6319
09/15/2011,14:50:01,566,.6317,.6319,.6316,.632
09/15/2011,14:51:01,385,.6319,.632,.6318,.6322
09/15/2011,14:52:01,486,.632,.6318,.6317,.6321
09/15/2011,14:53:01,722,.6318,.6321,.6318,.6324
09/15/2011,14:54:01,562,.632,.6321,.632,.6324
09/15/2011,14:55:01,704,.6321,.632,.6318,.6323
09/15/2011,14:56:01,537,.632,.6322,.6318,.6323
09/15/2011,14:57:01,333,.6322,.6325,.6321,.6326
09/15/2011,14:58:01,591,.6325,.6325,.6324,.6329
09/15/2011,14:59:01,841,.6325,.6327,.6324,.6329
09/15/2011,15:00:01,621,.6327,.6327,.6326,.633
09/15/2011,15:01:01,472,.6328,.633,.6326,.6331
09/15/2011,15:02:01,485,.633,.6329,.6328,.6333
09/15/2011,15:03:01,613,.6329,.6329,.6328,.6331
09/15/2011,15:04:01,622,.6329,.6328,.6326,.633
09/15/2011,15:05:01,692,.6328,.6328,.6326,.633
09/15/2011,15:06:01,680,.6328,.6328,.6327,.6331
09/15/2011,15:07:01,557,.6328,.6326,.6326,.633
09/15/2011,15:08:01,579,.6327,.6327,.6325,.6329
09/15/2011,15:09:01,657,.6327,.6329,.6326,.6331
09/15/2011,15:10:01,492,.6329,.6327,.6326,.6329
09/15/2011,15:11:01,400,.6327,.6327,.6326,.6328
09/15/2011,15:12:01,436,.6327,.6328,.6326,.6329
09/15/2011,15:13:01,359,.6327,.633,.6327,.6332
09/15/2011,15:14:01,558,.633,.633,.6329,.6332
09/15/2011,15:15:01,636,.633,.633,.6328,.6332
09/15/2011,15:16:01,558,.6331,.633,.6329,.6332
09/15/2011,15:17:01,591,.633,.6329,.6328,.6332
09/15/2011,15:18:01,416,.6329,.633,.6328,.6331
09/15/2011,15:19:01,394,.633,.633,.6329,.6332
09/15/2011,15:20:01,442,.633,.6328,.6328,.6331
09/15/2011,15:21:01,517,.6329,.6328,.6327,.633
09/15/2011,15:22:01,578,.6328,.6327,.6325,.6329
09/15/2011,15:23:01,613,.6327,.6328,.6326,.633
09/15/2011,15:24:01,434,.6327,.6328,.6326,.6329
09/15/2011,15:25:01,558,.6327,.6329,.6326,.633
09/15/2011,15:26:01,519,.6328,.6327,.6326,.633
09/15/2011,15:27:01,641,.6327,.6328,.6326,.633
09/15/2011,15:28:01,509,.6328,.633,.6327,.6332
09/15/2011,15:29:01,627,.633,.6327,.6326,.6331
09/15/2011,15:30:01,425,.6327,.6328,.6326,.6329
09/15/2011,15:31:01,431,.6328,.6328,.6327,.633
09/15/2011,15:32:01,500,.6328,.6328,.6327,.633
09/15/2011,15:33:01,440,.6328,.6327,.6326,.633
09/15/2011,15:34:01,396,.6327,.6327,.6326,.6329
09/15/2011,15:35:01,458,.6327,.6327,.6326,.6329
09/15/2011,15:36:01,423,.6328,.6329,.6326,.6329
09/15/2011,15:37:01,389,.6328,.6328,.6326,.633
09/15/2011,15:38:01,339,.6328,.6327,.6326,.6329
09/15/2011,15:39:01,310,.6327,.6328,.6326,.6329
09/15/2011,15:40:01,480,.6328,.6328,.6326,.6329
09/15/2011,15:41:01,378,.6327,.6327,.6326,.6329
09/15/2011,15:42:01,597,.6326,.6329,.6325,.6331
09/15/2011,15:43:01,539,.6329,.6328,.6326,.633
09/15/2011,15:44:01,500,.6328,.6328,.6327,.6331
09/15/2011,15:45:01,367,.6328,.6328,.6328,.633
09/15/2011,15:46:01,439,.6328,.6327,.6326,.633
09/15/2011,15:47:01,532,.6327,.6328,.6326,.6329
09/15/2011,15:48:01,429,.6327,.6327,.6326,.6329
09/15/2011,15:49:01,406,.6326,.6327,.6325,.6328
09/15/2011,15:50:01,337,.6327,.6328,.6326,.633
09/15/2011,15:51:01,424,.6328,.633,.6327,.6331
09/15/2011,15:52:01,450,.633,.6329,.6328,.6331
09/15/2011,15:53:01,382,.6329,.6329,.6328,.6331
09/15/2011,15:54:01,433,.6329,.6329,.6328,.6331
09/15/2011,15:55:01,457,.6328,.633,.6328,.6332
09/15/2011,15:56:01,394,.6329,.6329,.6327,.633
09/15/2011,15:57:01,407,.6329,.6328,.6328,.633
09/15/2011,15:58:01,418,.6328,.6328,.6327,.633
09/15/2011,15:59:01,479,.6328,.6328,.6326,.633
09/15/2011,16:00:01,539,.6327,.6327,.6326,.633
09/15/2011,16:01:01,431,.6328,.6327,.6326,.6329
09/15/2011,16:02:01,535,.6326,.6326,.6325,.6329
09/15/2011,16:03:01,353,.6326,.6326,.6326,.6328
09/15/2011,16:04:01,644,.6326,.6327,.6325,.6329
09/15/2011,16:05:01,512,.6326,.6326,.6325,.6328
09/15/2011,16:06:01,428,.6326,.6326,.6325,.6327
09/15/2011,16:07:01,462,.6326,.6326,.6324,.6328
09/15/2011,16:08:01,317,.6326,.6325,.6324,.6328
09/15/2011,16:09:01,350,.6325,.6325,.6324,.6327
09/15/2011,16:10:01,443,.6325,.6325,.6324,.6327
09/15/2011,16:11:01,226,.6325,.6325,.6324,.6326
09/15/2011,16:12:01,448,.6325,.6324,.6324,.6327
09/15/2011,16:13:01,376,.6325,.6324,.6323,.6326
09/15/2011,16:14:01,355,.6324,.6325,.6323,.6326
09/15/2011,16:15:01,438,.6324,.6325,.6323,.6326
09/15/2011,16:16:01,348,.6325,.6325,.6324,.6326
09/15/2011,16:17:01,439,.6325,.6324,.6323,.6326
09/15/2011,16:18:01,393,.6324,.6325,.6324,.6327
09/15/2011,16:19:01,259,.6325,.6325,.6324,.6328
09/15/2011,16:20:01,395,.6325,.6325,.6324,.6327
09/15/2011,16:21:01,473,.6326,.6325,.6324,.6328
09/15/2011,16:22:01,314,.6325,.6325,.6324,.6328
09/15/2011,16:23:01,287,.6325,.6325,.6324,.6327
09/15/2011,16:24:01,321,.6325,.6326,.6324,.6328
09/15/2011,16:25:01,350,.6325,.6326,.6325,.6328
09/15/2011,16:26:01,369,.6326,.6326,.6325,.6328
09/15/2011,16:27:01,434,.6326,.6326,.6326,.6328
09/15/2011,16:28:01,393,.6327,.6327,.6326,.6329
09/15/2011,16:29:01,298,.6327,.6327,.6326,.6329
09/15/2011,16:30:01,532,.6328,.6327,.6326,.633
09/15/2011,16:31:01,480,.6327,.6327,.6326,.6329
09/15/2011,16:32:01,384,.6327,.6327,.6326,.6328
09/15/2011,16:33:01,490,.6326,.6326,.6326,.6329
09/15/2011,16:34:01,533,.6327,.6324,.6324,.6328
09/15/2011,16:35:01,582,.6325,.6325,.6323,.6326
09/15/2011,16:36:01,388,.6325,.6325,.6324,.6328
09/15/2011,16:37:01,431,.6326,.6325,.6324,.6328
09/15/2011,16:38:01,253,.6325,.6325,.6324,.6327
09/15/2011,16:39:01,402,.6325,.6324,.6324,.6326
09/15/2011,16:40:01,368,.6324,.6323,.6322,.6325
09/15/2011,16:41:01,440,.6324,.6323,.6323,.6326
09/15/2011,16:42:01,343,.6324,.6324,.6323,.6326
09/15/2011,16:43:01,396,.6324,.6322,.6322,.6326
09/15/2011,16:44:01,316,.6322,.6322,.6321,.6324
09/15/2011,16:45:01,352,.6322,.6322,.6322,.6324
09/15/2011,16:46:01,363,.6322,.6324,.6322,.6325
09/15/2011,16:47:01,498,.6324,.6324,.6322,.6326
09/15/2011,16:48:01,503,.6324,.6324,.6323,.6326
09/15/2011,16:49:01,557,.6324,.6325,.6323,.6327
09/15/2011,16:50:01,640,.6326,.6326,.6324,.6328
09/15/2011,16:51:01,621,.6326,.6325,.6323,.6327
09/15/2011,16:52:01,505,.6325,.6325,.6324,.633
09/15/2011,16:53:01,418,.6325,.6326,.6324,.6327
09/15/2011,16:54:01,647,.6325,.6327,.6324,.6328
09/15/2011,16:55:01,498,.6326,.6326,.6324,.6328
09/15/2011,16:56:01,375,.6326,.6326,.6324,.6328
09/15/2011,16:57:01,350,.6326,.6325,.6324,.6328
09/15/2011,16:58:01,349,.6325,.6325,.6324,.6326
09/15/2011,16:59:01,487,.6325,.6324,.6324,.6327
09/15/2011,17:00:01,375,.6325,.6324,.6324,.6326
09/15/2011,17:01:01,345,.6324,.6324,.6323,.6326
09/15/2011,17:02:01,452,.6324,.6324,.6322,.6325
09/15/2011,17:03:01,408,.6324,.6323,.6322,.6325
09/15/2011,17:04:01,446,.6323,.6322,.6321,.6324
09/15/2011,17:05:01,525,.6322,.6323,.6321,.6324
09/15/2011,17:06:01,470,.6323,.6323,.6322,.6325
09/15/2011,17:07:01,506,.6323,.6323,.6321,.6324
09/15/2011,17:08:01,385,.6322,.6322,.6321,.6324
09/15/2011,17:09:01,300,.6322,.6322,.6321,.6323
09/15/2011,17:10:01,484,.6322,.6323,.6321,.6324
09/15/2011,17:11:01,429,.6323,.6323,.6322,.6324
09/15/2011,17:12:01,458,.6323,.6322,.6321,.6324
09/15/2011,17:13:01,374,.6322,.6323,.6322,.6324
09/15/2011,17:14:01,320,.6324,.6323,.6322,.6324
09/15/2011,17:15:01,275,.6324,.6324,.6322,.6324
09/15/2011,17:16:01,337,.6324,.6322,.6321,.6324
09/15/2011,17:17:01,298,.6323,.6323,.6322,.6324
09/15/2011,17:18:01,302,.6323,.6322,.6321,.6324
09/15/2011,17:19:01,350,.6322,.6323,.6322,.6324
09/15/2011,17:20:01,191,.6323,.6322,.6322,.6324
09/15/2011,17:21:01,226,.6324,.6322,.6322,.6324
09/15/2011,17:22:01,276,.6322,.6323,.6321,.6324
09/15/2011,17:23:01,222,.6322,.6323,.6321,.6323
09/15/2011,17:24:01,315,.6322,.6322,.6322,.6324
09/15/2011,17:25:01,422,.6323,.6323,.6321,.6324
09/15/2011,17:26:01,356,.6322,.6323,.6322,.6324
09/15/2011,17:27:01,380,.6322,.6322,.6321,.6324
09/15/2011,17:28:01,291,.6322,.6322,.6321,.6324
09/15/2011,17:29:01,346,.6322,.6322,.6321,.6323
09/15/2011,17:30:01,295,.6322,.6322,.6321,.6323
09/15/2011,17:31:01,268,.6322,.6322,.6321,.6324
09/15/2011,17:32:01,353,.6323,.6323,.6321,.6324
09/15/2011,17:33:01,359,.6322,.6325,.6322,.6326
09/15/2011,17:34:01,395,.6325,.6326,.6324,.6327
09/15/2011,17:35:01,391,.6325,.6327,.6325,.6328
09/15/2011,17:36:01,392,.6326,.6327,.6326,.6328
09/15/2011,17:37:01,226,.6327,.6328,.6326,.6328
09/15/2011,17:38:01,307,.6327,.6328,.6326,.6328
09/15/2011,17:39:01,252,.6328,.6327,.6326,.6328
09/15/2011,17:40:01,342,.6327,.6327,.6326,.6328
09/15/2011,17:41:01,298,.6327,.6326,.6326,.6328
09/15/2011,17:42:01,530,.6326,.6328,.6326,.633
09/15/2011,17:43:01,349,.6328,.6328,.6328,.633
09/15/2011,17:44:01,240,.6328,.6328,.6328,.633
09/15/2011,17:45:01,371,.6328,.6328,.6327,.633
09/15/2011,17:46:01,396,.6328,.6327,.6326,.6329
09/15/2011,17:47:01,240,.6328,.6327,.6326,.6329
09/15/2011,17:48:01,326,.6327,.6327,.6326,.6328
09/15/2011,17:49:01,347,.6328,.6327,.6326,.6329
09/15/2011,17:50:01,375,.6327,.6328,.6326,.6329
09/15/2011,17:51:01,328,.6328,.6327,.6326,.6329
09/15/2011,17:52:01,391,.6327,.6327,.6326,.6328
09/15/2011,17:53:01,267,.6327,.6327,.6326,.6328
09/15/2011,17:54:01,341,.6327,.6328,.6326,.6329
09/15/2011,17:55:01,347,.6328,.6326,.6326,.6328
09/15/2011,17:56:01,316,.6327,.6326,.6326,.6328
09/15/2011,17:57:01,217,.6327,.6326,.6326,.6328
09/15/2011,17:58:01,333,.6326,.6327,.6326,.6328
09/15/2011,17:59:01,446,.6327,.6328,.6326,.6329
09/15/2011,18:00:01,304,.6328,.6327,.6326,.6329
09/15/2011,18:01:01,380,.6326,.6326,.6325,.6328
09/15/2011,18:02:01,302,.6326,.6325,.6325,.6327
09/15/2011,18:03:01,472,.6325,.6326,.6324,.6327
09/15/2011,18:04:01,441,.6326,.6325,.6324,.6327
09/15/2011,18:05:01,376,.6326,.6325,.6324,.6326
09/15/2011,18:06:01,309,.6324,.6324,.6324,.6326
09/15/2011,18:07:01,330,.6324,.6325,.6324,.6326
09/15/2011,18:08:01,299,.6325,.6326,.6324,.6327
09/15/2011,18:09:01,348,.6326,.6324,.6324,.6327
09/15/2011,18:10:01,466,.6324,.6324,.6322,.6325
09/15/2011,18:11:01,393,.6323,.6324,.6322,.6325
09/15/2011,18:12:01,372,.6323,.6323,.6322,.6324
09/15/2011,18:13:01,460,.6322,.6324,.6322,.6325
09/15/2011,18:14:01,418,.6324,.6324,.6323,.6326
09/15/2011,18:15:01,428,.6324,.6323,.6322,.6325
09/15/2011,18:16:01,421,.6323,.6323,.6322,.6325
09/15/2011,18:17:01,337,.6323,.6324,.6322,.6324
09/15/2011,18:18:01,311,.6324,.6324,.6322,.6326
09/15/2011,18:19:01,365,.6324,.6324,.6323,.6325
09/15/2011,18:20:01,322,.6324,.6324,.6323,.6325
09/15/2011,18:21:01,309,.6324,.6325,.6323,.6326
09/15/2011,18:22:01,210,.6325,.6325,.6324,.6326
09/15/2011,18:23:01,238,.6325,.6325,.6324,.6326
09/15/2011,18:24:01,345,.6325,.6325,.6324,.6326
09/15/2011,18:25:01,366,.6325,.6326,.6324,.6327
09/15/2011,18:26:01,306,.6326,.6326,.6326,.6328
09/15/2011,18:27:01,351,.6327,.6326,.6325,.6328
09/15/2011,18:28:01,256,.6327,.6326,.6325,.6327
09/15/2011,18:29:01,236,.6326,.6326,.6325,.6327
09/15/2011,18:30:01,268,.6326,.6326,.6325,.6327
09/15/2011,18:31:01,214,.6325,.6326,.6324,.6326
09/15/2011,18:32:01,205,.6326,.6326,.6325,.6327
09/15/2011,18:33:01,169,.6326,.6326,.6325,.6327
09/15/2011,18:34:01,228,.6326,.6326,.6325,.6327
09/15/2011,18:35:01,388,.6326,.6325,.6324,.6326
09/15/2011,18:36:01,323,.6324,.6327,.6324,.6327
09/15/2011,18:37:01,444,.6327,.6325,.6324,.6327
09/15/2011,18:38:01,290,.6326,.6326,.6324,.6328
09/15/2011,18:39:01,303,.6326,.6325,.6324,.6327
09/15/2011,18:40:01,475,.6325,.6326,.6324,.6327
09/15/2011,18:41:01,434,.6325,.6325,.6324,.6327
09/15/2011,18:42:01,323,.6326,.6326,.6324,.6327
09/15/2011,18:43:01,422,.6326,.6325,.6324,.6327
09/15/2011,18:44:01,212,.6325,.6325,.6324,.6326
09/15/2011,18:45:01,231,.6325,.6325,.6324,.6326
09/15/2011,18:46:01,269,.6325,.6325,.6324,.6326
09/15/2011,18:47:01,428,.6325,.6326,.6324,.6327
09/15/2011,18:48:01,330,.6327,.6326,.6325,.6328
09/15/2011,18:49:01,372,.6326,.6326,.6324,.6327
09/15/2011,18:50:01,403,.6326,.6328,.6325,.6328
09/15/2011,18:51:01,369,.6328,.6329,.6326,.633
09/15/2011,18:52:01,213,.6328,.6329,.6327,.6329
09/15/2011,18:53:01,237,.6328,.6328,.6328,.633
09/15/2011,18:54:01,270,.6328,.6328,.6327,.633
09/15/2011,18:55:01,325,.6328,.6328,.6327,.6329
09/15/2011,18:56:01,317,.6327,.6328,.6326,.6329
09/15/2011,18:57:01,318,.6327,.6326,.6325,.6328
09/15/2011,18:58:01,411,.6326,.6326,.6325,.6328
09/15/2011,18:59:01,466,.6326,.6326,.6325,.6329
09/15/2011,19:00:01,383,.6326,.6326,.6325,.6328
09/15/2011,19:01:01,303,.6326,.6327,.6326,.6328
09/15/2011,19:02:01,244,.6327,.6327,.6326,.6328
09/15/2011,19:03:01,296,.6326,.6327,.6326,.6328
09/15/2011,19:04:01,323,.6327,.6326,.6326,.6328
09/15/2011,19:05:01,281,.6326,.6327,.6326,.6328
09/15/2011,19:06:01,355,.6327,.6327,.6326,.6328
09/15/2011,19:07:01,237,.6326,.6326,.6326,.6328
09/15/2011,19:08:01,214,.6326,.6326,.6326,.6328
09/15/2011,19:09:01,248,.6326,.6327,.6326,.6328
09/15/2011,19:10:01,282,.6327,.6326,.6326,.6328
09/15/2011,19:11:01,369,.6326,.6326,.6325,.6328
09/15/2011,19:12:01,259,.6326,.6327,.6325,.6327
09/15/2011,19:13:01,183,.6326,.6326,.6325,.6327
09/15/2011,19:14:01,257,.6326,.6326,.6325,.6327
09/15/2011,19:15:01,252,.6326,.6327,.6325,.6328
09/15/2011,19:16:01,214,.6326,.6326,.6326,.6328
09/15/2011,19:17:01,309,.6326,.6326,.6326,.6328
09/15/2011,19:18:01,344,.6326,.6326,.6325,.6328
09/15/2011,19:19:01,346,.6327,.6328,.6326,.6329
09/15/2011,19:20:01,345,.6328,.6329,.6326,.6329
09/15/2011,19:21:01,269,.6329,.6328,.6327,.6329
09/15/2011,19:22:01,320,.6328,.6327,.6327,.6329
09/15/2011,19:23:01,299,.6327,.6327,.6326,.6328
09/15/2011,19:24:01,247,.6327,.6327,.6326,.6328
09/15/2011,19:25:01,253,.6327,.6327,.6326,.6328
09/15/2011,19:26:01,254,.6327,.6327,.6326,.6328
09/15/2011,19:27:01,128,.6327,.6327,.6326,.6328
09/15/2011,19:28:01,93,.6327,.6327,.6326,.6329
09/15/2011,19:29:01,331,.6327,.6329,.6326,.6331
09/15/2011,19:30:01,287,.6329,.633,.6328,.6331
09/15/2011,19:31:01,183,.633,.6331,.6329,.6332
09/15/2011,19:32:01,151,.6331,.6331,.633,.6332
09/15/2011,19:33:01,182,.6331,.633,.6329,.6332
09/15/2011,19:34:01,220,.633,.6329,.6328,.633
09/15/2011,19:35:01,192,.6328,.6329,.6328,.633
09/15/2011,19:36:01,297,.6329,.6329,.6328,.633
09/15/2011,19:37:01,258,.6329,.6329,.6328,.6331
09/15/2011,19:38:01,201,.633,.6329,.6328,.633
09/15/2011,19:39:01,125,.6329,.633,.6328,.633
09/15/2011,19:40:01,236,.633,.6329,.6328,.633
09/15/2011,19:41:01,231,.6329,.6328,.6327,.633
09/15/2011,19:42:01,255,.6328,.6328,.6327,.633
09/15/2011,19:43:01,307,.6328,.6328,.6327,.6329
09/15/2011,19:44:01,229,.6328,.6328,.6327,.6329
09/15/2011,19:45:01,344,.6328,.633,.6327,.6331
09/15/2011,19:46:01,396,.6329,.633,.6329,.6331
09/15/2011,19:47:01,249,.633,.633,.6329,.6332
09/15/2011,19:48:01,388,.6331,.633,.633,.6332
09/15/2011,19:49:01,359,.633,.6329,.6328,.6332
09/15/2011,19:50:01,325,.6329,.633,.6328,.6331
09/15/2011,19:51:01,384,.633,.633,.6329,.6332
09/15/2011,19:52:01,255,.633,.633,.633,.6332
09/15/2011,19:53:01,178,.6331,.633,.633,.6332
09/15/2011,19:54:01,303,.633,.633,.633,.6332
09/15/2011,19:55:01,168,.6331,.633,.6329,.6331
09/15/2011,19:56:01,125,.633,.633,.633,.6331
09/15/2011,19:57:01,168,.633,.6332,.633,.6332
09/15/2011,19:58:01,216,.6332,.6331,.633,.6333
09/15/2011,19:59:01,295,.6331,.633,.6329,.6332
09/15/2011,20:00:01,355,.633,.6329,.6328,.6332
09/15/2011,20:01:01,254,.633,.6328,.6328,.633
09/15/2011,20:02:01,340,.6328,.6329,.6328,.633
09/15/2011,20:03:01,299,.6328,.6329,.6328,.633
09/15/2011,20:04:01,219,.6328,.6329,.6328,.633
09/15/2011,20:05:01,255,.6329,.633,.6328,.6331
09/15/2011,20:06:01,216,.633,.633,.6329,.6331
09/15/2011,20:07:01,200,.633,.633,.6329,.6331
09/15/2011,20:08:01,208,.633,.633,.6329,.6331
09/15/2011,20:09:01,155,.6329,.633,.6329,.6331
09/15/2011,20:10:01,184,.633,.633,.6329,.6331
09/15/2011,20:11:01,136,.633,.6329,.6328,.633
09/15/2011,20:12:01,273,.6329,.6328,.6327,.633
09/15/2011,20:13:01,228,.6329,.6326,.6326,.6329
09/15/2011,20:14:01,323,.6327,.6326,.6325,.6328
09/15/2011,20:15:01,235,.6326,.6326,.6325,.6328
09/15/2011,20:16:01,238,.6326,.6326,.6325,.6327
09/15/2011,20:17:01,290,.6326,.6325,.6324,.6326
09/15/2011,20:18:01,288,.6325,.6326,.6324,.6326
09/15/2011,20:19:01,463,.6326,.6327,.6324,.6329
09/15/2011,20:20:01,247,.6327,.6327,.6326,.6328
09/15/2011,20:21:01,325,.6328,.6327,.6326,.6328
09/15/2011,20:22:01,165,.6327,.6328,.6326,.6329
09/15/2011,20:23:01,312,.6328,.6328,.6327,.6329
09/15/2011,20:24:01,182,.6328,.6328,.6327,.6329
09/15/2011,20:25:01,130,.6328,.6327,.6327,.6329
09/15/2011,20:26:01,144,.6327,.6328,.6326,.6328
09/15/2011,20:27:01,141,.6328,.6328,.6327,.6328
09/15/2011,20:28:01,184,.6328,.6329,.6327,.633
09/15/2011,20:29:01,177,.6329,.6329,.6328,.633
09/15/2011,20:30:01,229,.6329,.6329,.6328,.633
09/15/2011,20:31:01,201,.6329,.633,.6328,.6331
09/15/2011,20:32:01,222,.6329,.6331,.6329,.6332
09/15/2011,20:33:01,232,.6331,.6331,.633,.6332
09/15/2011,20:34:01,214,.633,.633,.6328,.6332
09/15/2011,20:35:01,131,.6329,.633,.6328,.6331
09/15/2011,20:36:01,202,.633,.633,.6328,.6331
09/15/2011,20:37:01,99,.633,.633,.6329,.6331
09/15/2011,20:38:01,173,.633,.6329,.6328,.6331
09/15/2011,20:39:01,93,.633,.633,.6328,.633
09/15/2011,20:40:01,119,.6329,.6329,.6328,.633
09/15/2011,20:41:01,136,.6329,.6329,.6328,.633
09/15/2011,20:42:01,117,.6329,.6329,.6328,.633
09/15/2011,20:43:01,129,.6329,.6329,.6328,.633
09/15/2011,20:44:01,113,.6329,.6329,.6328,.633
09/15/2011,20:45:01,279,.6329,.6329,.6328,.633
09/15/2011,20:46:01,200,.6329,.6329,.6328,.6331
09/15/2011,20:47:01,90,.6329,.6329,.6328,.633
09/15/2011,20:48:01,213,.6329,.6328,.6328,.633
09/15/2011,20:49:01,130,.6329,.6329,.6328,.633
09/15/2011,20:50:01,351,.6329,.6329,.6328,.633
09/15/2011,20:51:01,195,.6329,.633,.6328,.6331
09/15/2011,20:52:01,241,.6331,.633,.6329,.6332
09/15/2011,20:53:01,231,.633,.6329,.6328,.6331
09/15/2011,20:54:01,134,.6329,.633,.6329,.6332
09/15/2011,20:55:01,205,.633,.6329,.6328,.6331
09/15/2011,20:56:01,120,.633,.633,.6328,.633
09/15/2011,20:57:01,155,.633,.6329,.6328,.633
09/15/2011,20:58:01,140,.6329,.6329,.6328,.633
09/15/2011,20:59:01,194,.633,.633,.6328,.6332
09/15/2011,21:00:01,105,.6329,.6329,.6329,.6331
09/15/2011,21:01:01,74,.633,.6329,.6328,.6331
09/15/2011,21:02:01,55,.6329,.633,.6329,.6331
09/15/2011,21:03:01,108,.633,.6329,.6328,.6331
09/15/2011,21:04:01,52,.6329,.6329,.6328,.633
09/15/2011,21:05:01,45,.6329,.6329,.6328,.633
09/15/2011,21:06:01,130,.6329,.6329,.6328,.6332
09/15/2011,21:07:01,143,.6329,.6329,.6328,.633
09/15/2011,21:08:01,91,.6329,.6329,.6328,.6331
09/15/2011,21:09:01,55,.633,.633,.6329,.633
09/15/2011,21:10:01,163,.633,.633,.6328,.633
09/15/2011,21:11:01,158,.6328,.6329,.6328,.633
09/15/2011,21:12:01,90,.6329,.6331,.6328,.6332
09/15/2011,21:13:01,181,.6331,.6329,.6328,.6331
09/15/2011,21:14:01,163,.633,.633,.6328,.6332
09/15/2011,21:15:01,152,.633,.6329,.6328,.6331
09/15/2011,21:16:01,73,.633,.633,.6329,.633
09/15/2011,21:17:01,198,.633,.633,.6328,.6331
09/15/2011,21:18:01,87,.633,.633,.6329,.6331
09/15/2011,21:19:01,213,.633,.6329,.6328,.6331
09/15/2011,21:20:01,193,.6329,.6329,.6328,.6331
09/15/2011,21:21:01,92,.6329,.633,.6328,.6331
09/15/2011,21:22:01,134,.633,.633,.6329,.6332
09/15/2011,21:23:01,112,.6331,.6331,.633,.6332
09/15/2011,21:24:01,144,.633,.6329,.6328,.6332
09/15/2011,21:25:01,84,.6329,.6329,.6328,.633
09/15/2011,21:26:01,79,.6329,.6329,.6328,.633
09/15/2011,21:27:01,79,.6328,.6329,.6328,.633
09/15/2011,21:28:01,130,.6329,.6329,.6328,.633
09/15/2011,21:29:01,131,.6328,.6329,.6328,.633
09/15/2011,21:30:01,89,.6328,.6328,.6328,.633
09/15/2011,21:31:01,75,.6329,.6329,.6328,.633
09/15/2011,21:32:01,142,.6329,.6329,.6328,.633
09/15/2011,21:33:01,116,.633,.6329,.6328,.633
09/15/2011,21:34:01,50,.6328,.6329,.6328,.633
09/15/2011,21:35:01,214,.6329,.6328,.6328,.633
09/15/2011,21:36:01,167,.6328,.6328,.6327,.633
09/15/2011,21:37:01,116,.6328,.6328,.6327,.6329
09/15/2011,21:38:01,180,.6327,.6328,.6327,.633
09/15/2011,21:39:01,105,.6328,.6328,.6328,.633
09/15/2011,21:40:01,160,.6328,.6329,.6328,.633
09/15/2011,21:41:01,181,.6329,.6329,.6328,.633
09/15/2011,21:42:01,271,.6329,.633,.6328,.6331
09/15/2011,21:43:01,91,.633,.633,.6329,.6331
09/15/2011,21:44:01,156,.633,.633,.6329,.6332
09/15/2011,21:45:01,110,.633,.633,.6329,.6331
09/15/2011,21:46:01,73,.633,.633,.6329,.6332
09/15/2011,21:47:01,52,.633,.633,.633,.6331
09/15/2011,21:48:01,116,.633,.6332,.6329,.6332
09/15/2011,21:49:01,73,.6332,.6332,.633,.6332
09/15/2011,21:50:01,119,.6331,.6332,.633,.6333
09/15/2011,21:51:01,136,.6332,.6332,.6331,.6333
09/15/2011,21:52:01,132,.6332,.6332,.6331,.6333
09/15/2011,21:53:01,48,.6332,.6332,.6331,.6333
09/15/2011,21:54:01,31,.6332,.6332,.6331,.6333
09/15/2011,21:55:01,114,.6332,.6333,.6331,.6334
09/15/2011,21:56:01,102,.6333,.6332,.6332,.6334
09/15/2011,21:57:01,175,.6332,.6331,.633,.6334
09/15/2011,21:58:01,50,.6332,.6331,.633,.6332
09/15/2011,21:59:01,74,.6331,.6331,.633,.6332
09/15/2011,22:00:01,312,.6331,.6332,.6329,.6332
09/15/2011,22:01:01,211,.6332,.6332,.633,.6333
09/15/2011,22:02:01,112,.6332,.6331,.633,.6333
09/15/2011,22:03:01,173,.6331,.6332,.633,.6333
09/15/2011,22:04:01,105,.6332,.6332,.6331,.6333
09/15/2011,22:05:01,271,.6332,.6332,.6331,.6333
09/15/2011,22:06:01,126,.6332,.6332,.6331,.6333
09/15/2011,22:07:01,119,.6332,.6331,.6331,.6333
09/15/2011,22:08:01,233,.6331,.6332,.633,.6334
09/15/2011,22:09:01,146,.6333,.6332,.6331,.6333
09/15/2011,22:10:01,280,.6332,.6331,.633,.6334
09/15/2011,22:11:01,175,.6331,.633,.633,.6332
09/15/2011,22:12:01,222,.6331,.6331,.633,.6332
09/15/2011,22:13:01,246,.6331,.6332,.633,.6332
09/15/2011,22:14:01,147,.6331,.6332,.633,.6332
09/15/2011,22:15:01,234,.6332,.6331,.633,.6332
09/15/2011,22:16:01,154,.6331,.6331,.633,.6332
09/15/2011,22:17:01,179,.6331,.633,.633,.6332
09/15/2011,22:18:01,277,.633,.6331,.6329,.6332
09/15/2011,22:19:01,176,.633,.633,.6329,.6332
09/15/2011,22:20:01,286,.633,.6331,.6329,.6332
09/15/2011,22:21:01,232,.633,.633,.6329,.6332
09/15/2011,22:22:01,118,.633,.6331,.633,.6332
09/15/2011,22:23:01,59,.633,.633,.633,.6331
09/15/2011,22:24:01,103,.633,.6331,.633,.6332
09/15/2011,22:25:01,114,.633,.6331,.633,.6332
09/15/2011,22:26:01,228,.6331,.633,.633,.6332
09/15/2011,22:27:01,276,.633,.633,.633,.6332
09/15/2011,22:28:01,190,.633,.633,.633,.6332
09/15/2011,22:29:01,71,.633,.633,.633,.6332
09/15/2011,22:30:01,152,.6331,.6331,.6329,.6332
09/15/2011,22:31:01,142,.633,.6331,.633,.6332
09/15/2011,22:32:01,145,.6331,.633,.633,.6332
09/15/2011,22:33:01,101,.633,.6331,.633,.6332
09/15/2011,22:34:01,71,.633,.6331,.633,.6332
09/15/2011,22:35:01,132,.633,.6331,.633,.6332
09/15/2011,22:36:01,89,.6331,.6331,.633,.6332
09/15/2011,22:37:01,147,.6331,.6331,.633,.6332
09/15/2011,22:38:01,134,.6331,.6332,.633,.6332
09/15/2011,22:39:01,282,.6332,.6331,.633,.6333
09/15/2011,22:40:01,314,.6331,.6331,.633,.6333
09/15/2011,22:41:01,313,.6331,.6333,.633,.6334
09/15/2011,22:42:01,312,.6332,.6332,.6331,.6334
09/15/2011,22:43:01,186,.6332,.6332,.6331,.6333
09/15/2011,22:44:01,94,.6332,.6332,.6331,.6334
09/15/2011,22:45:01,108,.6333,.6332,.6331,.6333
09/15/2011,22:46:01,97,.6332,.6332,.6331,.6333
09/15/2011,22:47:01,42,.6332,.6332,.6331,.6333
09/15/2011,22:48:01,144,.6332,.6333,.6331,.6334
09/15/2011,22:49:01,269,.6332,.6333,.6332,.6334
09/15/2011,22:50:01,47,.6333,.6333,.6332,.6334
09/15/2011,22:51:01,50,.6333,.6333,.6332,.6334
09/15/2011,22:52:01,106,.6333,.6333,.6332,.6334
09/15/2011,22:53:01,179,.6333,.6333,.6332,.6334
09/15/2011,22:54:01,187,.6333,.6332,.6332,.6334
09/15/2011,22:55:01,212,.6332,.6333,.6331,.6334
09/15/2011,22:56:01,80,.6333,.6332,.6331,.6333
09/15/2011,22:57:01,158,.6332,.6333,.6331,.6334
09/15/2011,22:58:01,148,.6333,.6332,.6332,.6334
09/15/2011,22:59:01,324,.6332,.6333,.6332,.6334
09/15/2011,23:00:01,473,.6333,.6334,.6332,.6335
09/15/2011,23:01:01,229,.6334,.6334,.6333,.6335
09/15/2011,23:02:01,173,.6334,.6334,.6333,.6335
09/15/2011,23:03:01,415,.6334,.6332,.6331,.6336
09/15/2011,23:04:01,125,.6332,.6331,.6331,.6333
09/15/2011,23:05:01,143,.6331,.6331,.633,.6332
09/15/2011,23:06:01,154,.6331,.6332,.633,.6333
09/15/2011,23:07:01,106,.6332,.6334,.6332,.6334
09/15/2011,23:08:01,76,.6334,.6334,.6332,.6334
09/15/2011,23:09:01,247,.6333,.6332,.6332,.6334
09/15/2011,23:10:01,178,.6332,.6331,.633,.6334
09/15/2011,23:11:01,100,.6331,.6331,.633,.6332
09/15/2011,23:12:01,88,.6331,.6331,.633,.6333
09/15/2011,23:13:01,192,.6331,.6331,.633,.6332
09/15/2011,23:14:01,72,.6331,.6331,.633,.6332
09/15/2011,23:15:01,48,.6331,.6331,.633,.6332
09/15/2011,23:16:01,83,.6331,.6331,.633,.6332
09/15/2011,23:17:01,169,.6331,.633,.6328,.6332
09/15/2011,23:18:01,290,.6329,.6332,.6328,.6334
09/15/2011,23:19:01,86,.6332,.6332,.6331,.6333
09/15/2011,23:20:01,130,.6332,.6332,.6331,.6333
09/15/2011,23:21:01,262,.6332,.6332,.633,.6333
09/15/2011,23:22:01,65,.6332,.6332,.6331,.6333
09/15/2011,23:23:01,272,.6332,.6331,.633,.6333
09/15/2011,23:24:01,190,.633,.6331,.633,.6332
09/15/2011,23:25:01,169,.6331,.6332,.633,.6333
09/15/2011,23:26:01,220,.6332,.6331,.633,.6333
09/15/2011,23:27:01,84,.6331,.6331,.633,.6332
09/15/2011,23:28:01,92,.6331,.6331,.633,.6332
09/15/2011,23:29:01,149,.6331,.6331,.633,.6332
09/15/2011,23:30:01,159,.6331,.6331,.633,.6332
09/15/2011,23:31:01,100,.6331,.6332,.633,.6333
09/15/2011,23:32:01,106,.6331,.6331,.633,.6333
09/15/2011,23:33:01,238,.6331,.6331,.633,.6334
09/15/2011,23:34:01,204,.6332,.6332,.6331,.6333
09/15/2011,23:35:01,148,.6332,.6332,.6331,.6334
09/15/2011,23:36:01,129,.6331,.6333,.6331,.6333
09/15/2011,23:37:01,64,.6332,.6333,.6332,.6334
09/15/2011,23:38:01,113,.6332,.6333,.6332,.6334
09/15/2011,23:39:01,206,.6332,.6332,.6332,.6334
09/15/2011,23:40:01,186,.6332,.6332,.6331,.6334
09/15/2011,23:41:01,160,.6332,.6332,.6332,.6333
09/15/2011,23:42:01,82,.6332,.6332,.6331,.6333
09/15/2011,23:43:01,231,.6332,.6332,.633,.6333
09/15/2011,23:44:01,118,.6331,.6332,.6331,.6333
09/15/2011,23:45:01,196,.6331,.6331,.633,.6333
09/15/2011,23:46:01,148,.6332,.633,.633,.6332
09/15/2011,23:47:01,97,.633,.6331,.633,.6332
09/15/2011,23:48:01,173,.6332,.6331,.633,.6332
09/15/2011,23:49:01,183,.6331,.6331,.633,.6332
09/15/2011,23:50:01,188,.6331,.6331,.633,.6332
09/15/2011,23:51:01,124,.6331,.6331,.633,.6332
09/15/2011,23:52:01,104,.6332,.6332,.633,.6332
09/15/2011,23:53:01,122,.6331,.6332,.633,.6332
09/15/2011,23:54:01,107,.6332,.6332,.633,.6332
09/15/2011,23:55:01,105,.6331,.6331,.633,.6332
09/15/2011,23:56:01,229,.6331,.6331,.633,.6332
09/15/2011,23:57:01,186,.6331,.6331,.633,.6332
09/15/2011,23:58:01,295,.6331,.6331,.633,.6332
09/15/2011,23:59:01,242,.6332,.6331,.633,.6333
09/16/2011,00:00:01,10,.6331,.6331,.6331,.6332
09/16/2011,00:01:01,629,.6332,.6332,.633,.6334
09/16/2011,00:02:01,459,.6331,.6333,.633,.6334
09/16/2011,00:03:01,403,.6333,.6332,.6332,.6334
09/16/2011,00:04:01,389,.6333,.6334,.6332,.6334
09/16/2011,00:05:01,474,.6334,.6334,.6332,.6335
09/16/2011,00:06:01,327,.6335,.6335,.6334,.6336
09/16/2011,00:07:01,474,.6335,.6335,.6333,.6336
09/16/2011,00:08:01,445,.6335,.6333,.6333,.6336
09/16/2011,00:09:01,304,.6334,.6334,.6333,.6334
09/16/2011,00:10:01,310,.6334,.6334,.6332,.6335
09/16/2011,00:11:01,259,.6333,.6334,.6332,.6334
09/16/2011,00:12:01,189,.6334,.6334,.6332,.6334
09/16/2011,00:13:01,291,.6334,.6334,.6332,.6335
09/16/2011,00:14:01,537,.6334,.6334,.6334,.6336
09/16/2011,00:15:01,304,.6334,.6335,.6334,.6336
09/16/2011,00:16:01,273,.6335,.6334,.6334,.6336
09/16/2011,00:17:01,303,.6335,.6334,.6333,.6336
09/16/2011,00:18:01,363,.6334,.6335,.6333,.6336
09/16/2011,00:19:01,359,.6334,.6334,.6333,.6335
09/16/2011,00:20:01,281,.6334,.6334,.6333,.6335
09/16/2011,00:21:01,294,.6334,.6334,.6333,.6335
09/16/2011,00:22:01,183,.6334,.6334,.6333,.6335
09/16/2011,00:23:01,198,.6334,.6333,.6332,.6334
09/16/2011,00:24:01,203,.6334,.6332,.6332,.6334
09/16/2011,00:25:01,347,.6332,.6333,.6332,.6334
09/16/2011,00:26:01,247,.6333,.6333,.6332,.6334
09/16/2011,00:27:01,156,.6333,.6333,.6332,.6334
09/16/2011,00:28:01,193,.6333,.6334,.6332,.6334
09/16/2011,00:29:01,99,.6334,.6333,.6332,.6334
09/16/2011,00:30:01,244,.6333,.6332,.6332,.6335
09/16/2011,00:31:01,420,.6332,.6332,.6331,.6334
09/16/2011,00:32:01,388,.6332,.6332,.6331,.6334
09/16/2011,00:33:01,284,.6333,.6333,.6332,.6334
09/16/2011,00:34:01,289,.6333,.6333,.6332,.6334
09/16/2011,00:35:01,229,.6333,.6332,.6332,.6334
09/16/2011,00:36:01,267,.6332,.6332,.6331,.6333
09/16/2011,00:37:01,370,.6332,.6333,.6332,.6334
09/16/2011,00:38:01,344,.6333,.6334,.6332,.6335
09/16/2011,00:39:01,197,.6334,.6334,.6334,.6335
09/16/2011,00:40:01,213,.6334,.6334,.6334,.6335
09/16/2011,00:41:01,213,.6334,.6335,.6334,.6336
09/16/2011,00:42:01,354,.6334,.6334,.6332,.6335
09/16/2011,00:43:01,429,.6334,.6335,.6333,.6336
09/16/2011,00:44:01,403,.6335,.6334,.6334,.6336
09/16/2011,00:45:01,300,.6334,.6335,.6333,.6335
09/16/2011,00:46:01,473,.6334,.6336,.6333,.6336
09/16/2011,00:47:01,369,.6335,.6336,.6335,.6337
09/16/2011,00:48:01,407,.6335,.6335,.6334,.6337
09/16/2011,00:49:01,377,.6335,.6336,.6334,.6337
09/16/2011,00:50:01,459,.6336,.6336,.6335,.6338
09/16/2011,00:51:01,228,.6336,.6336,.6336,.6338
09/16/2011,00:52:01,209,.6336,.6337,.6336,.6338
09/16/2011,00:53:01,256,.6337,.6336,.6335,.6338
09/16/2011,00:54:01,263,.6336,.6336,.6335,.6338
09/16/2011,00:55:01,196,.6336,.6336,.6335,.6337
09/16/2011,00:56:01,162,.6336,.6336,.6335,.6337
09/16/2011,00:57:01,273,.6336,.6337,.6336,.6338
09/16/2011,00:58:01,275,.6337,.6337,.6336,.6338
09/16/2011,00:59:01,199,.6336,.6337,.6336,.6338
09/16/2011,01:00:01,304,.6336,.6337,.6336,.6338
09/16/2011,01:01:01,107,.6337,.6337,.6336,.6338
09/16/2011,01:02:01,329,.6337,.6336,.6335,.6338
09/16/2011,01:03:01,330,.6336,.6336,.6334,.6337
09/16/2011,01:04:01,421,.6335,.6334,.6334,.6336
09/16/2011,01:05:01,407,.6334,.6336,.6334,.6336
09/16/2011,01:06:01,266,.6335,.6335,.6334,.6336
09/16/2011,01:07:01,260,.6334,.6334,.6334,.6336
09/16/2011,01:08:01,281,.6334,.6335,.6334,.6336
09/16/2011,01:09:01,308,.6334,.6334,.6333,.6336
09/16/2011,01:10:01,314,.6334,.6335,.6333,.6336
09/16/2011,01:11:01,266,.6334,.6334,.6332,.6335
09/16/2011,01:12:01,336,.6333,.6332,.633,.6334
09/16/2011,01:13:01,387,.6331,.6331,.633,.6332
09/16/2011,01:14:01,344,.6331,.6332,.633,.6334
09/16/2011,01:15:01,285,.6332,.6332,.6331,.6334
09/16/2011,01:16:01,399,.6333,.6332,.6331,.6334
09/16/2011,01:17:01,312,.6332,.6332,.633,.6333
09/16/2011,01:18:01,301,.6332,.6332,.6331,.6334
09/16/2011,01:19:01,259,.6332,.6331,.633,.6333
09/16/2011,01:20:01,282,.6331,.6331,.633,.6332
09/16/2011,01:21:01,306,.6331,.6332,.6331,.6333
09/16/2011,01:22:01,260,.6332,.6331,.6331,.6333
09/16/2011,01:23:01,253,.6331,.6332,.633,.6333
09/16/2011,01:24:01,325,.6332,.6331,.633,.6333
09/16/2011,01:25:01,365,.6331,.6329,.6328,.6332
09/16/2011,01:26:01,256,.6329,.6329,.6328,.6331
09/16/2011,01:27:01,275,.6328,.633,.6328,.6331
09/16/2011,01:28:01,174,.633,.6329,.6328,.633
09/16/2011,01:29:01,352,.6329,.633,.6328,.6332
09/16/2011,01:30:01,238,.633,.633,.6328,.6332
09/16/2011,01:31:01,201,.633,.633,.6329,.6331
09/16/2011,01:32:01,211,.633,.633,.6329,.6332
09/16/2011,01:33:01,275,.6331,.633,.633,.6332
09/16/2011,01:34:01,266,.6331,.6332,.633,.6333
09/16/2011,01:35:01,243,.6332,.6333,.6331,.6334
09/16/2011,01:36:01,311,.6333,.6333,.6332,.6334
09/16/2011,01:37:01,688,.6334,.6336,.6333,.6337
09/16/2011,01:38:01,384,.6336,.6335,.6334,.6337
09/16/2011,01:39:01,363,.6335,.6335,.6334,.6336
09/16/2011,01:40:01,239,.6335,.6335,.6334,.6336
09/16/2011,01:41:01,322,.6336,.6335,.6334,.6337
09/16/2011,01:42:01,453,.6335,.6335,.6334,.6336
09/16/2011,01:43:01,310,.6335,.6334,.6333,.6336
09/16/2011,01:44:01,353,.6334,.6334,.6334,.6336
09/16/2011,01:45:01,290,.6335,.6334,.6334,.6336
09/16/2011,01:46:01,298,.6335,.6334,.6333,.6336
09/16/2011,01:47:01,101,.6334,.6335,.6334,.6336
09/16/2011,01:48:01,114,.6335,.6334,.6333,.6336
09/16/2011,01:49:01,185,.6334,.6334,.6334,.6336
09/16/2011,01:50:01,181,.6334,.6334,.6333,.6335
09/16/2011,01:51:01,211,.6334,.6334,.6333,.6335
09/16/2011,01:52:01,246,.6334,.6334,.6333,.6335
09/16/2011,01:53:01,285,.6335,.6333,.6332,.6336
09/16/2011,01:54:01,272,.6333,.6334,.6332,.6335
09/16/2011,01:55:01,153,.6334,.6336,.6333,.6336
09/16/2011,01:56:01,303,.6335,.6334,.6333,.6336
09/16/2011,01:57:01,288,.6335,.6335,.6334,.6336
09/16/2011,01:58:01,263,.6335,.6334,.6333,.6336
09/16/2011,01:59:01,189,.6334,.6334,.6333,.6336
09/16/2011,02:00:01,463,.6334,.6332,.6331,.6335
09/16/2011,02:01:01,393,.6332,.633,.633,.6333
09/16/2011,02:02:01,231,.633,.633,.633,.6332
09/16/2011,02:03:01,239,.633,.633,.6329,.6332
09/16/2011,02:04:01,424,.633,.6329,.6328,.6331
09/16/2011,02:05:01,280,.6329,.633,.6328,.633
09/16/2011,02:06:01,338,.633,.6331,.6329,.6332
09/16/2011,02:07:01,192,.6331,.6332,.633,.6333
09/16/2011,02:08:01,238,.6332,.633,.6329,.6333
09/16/2011,02:09:01,318,.6331,.633,.6329,.6332
09/16/2011,02:10:01,99,.6331,.633,.633,.6332
09/16/2011,02:11:01,130,.633,.633,.633,.6332
09/16/2011,02:12:01,366,.633,.633,.6328,.6331
09/16/2011,02:13:01,214,.633,.633,.6329,.6332
09/16/2011,02:14:01,284,.633,.633,.6329,.6331
09/16/2011,02:15:01,342,.633,.6331,.6329,.6332
09/16/2011,02:16:01,145,.6331,.6331,.633,.6332
09/16/2011,02:17:01,152,.6331,.6331,.633,.6332
09/16/2011,02:18:01,130,.6331,.6332,.633,.6333
09/16/2011,02:19:01,172,.6332,.6332,.6331,.6333
09/16/2011,02:20:01,186,.6332,.6332,.633,.6333
09/16/2011,02:21:01,171,.6332,.6332,.6331,.6333
09/16/2011,02:22:01,171,.6332,.6332,.6332,.6334
09/16/2011,02:23:01,243,.6333,.6333,.6332,.6334
09/16/2011,02:24:01,278,.6333,.6333,.6332,.6334
09/16/2011,02:25:01,246,.6333,.6334,.6333,.6335
09/16/2011,02:26:01,298,.6334,.6333,.6332,.6334
09/16/2011,02:27:01,250,.6333,.6333,.6332,.6334
09/16/2011,02:28:01,78,.6333,.6333,.6332,.6334
09/16/2011,02:29:01,128,.6333,.6332,.6331,.6334
09/16/2011,02:30:01,131,.6332,.6332,.6332,.6334
09/16/2011,02:31:01,211,.6332,.6332,.6331,.6333
09/16/2011,02:32:01,185,.6331,.6332,.633,.6333
09/16/2011,02:33:01,213,.6331,.6331,.633,.6333
09/16/2011,02:34:01,284,.6332,.6333,.633,.6334
09/16/2011,02:35:01,342,.6333,.6333,.6331,.6334
09/16/2011,02:36:01,278,.6333,.6332,.6331,.6334
09/16/2011,02:37:01,71,.6332,.6332,.6331,.6333
09/16/2011,02:38:01,232,.6332,.6332,.6331,.6333
09/16/2011,02:39:01,251,.6332,.6333,.6331,.6334
09/16/2011,02:40:01,225,.6332,.6333,.6332,.6334
09/16/2011,02:41:01,255,.6333,.6332,.6331,.6334
09/16/2011,02:42:01,181,.6332,.6333,.6331,.6334
09/16/2011,02:43:01,175,.6332,.6332,.6332,.6334
09/16/2011,02:44:01,124,.6333,.6333,.6332,.6334
09/16/2011,02:45:01,115,.6333,.6333,.6332,.6334
09/16/2011,02:46:01,111,.6333,.6333,.6332,.6334
09/16/2011,02:47:01,198,.6333,.6333,.6332,.6334
09/16/2011,02:48:01,402,.6332,.6331,.633,.6334
09/16/2011,02:49:01,191,.6332,.6332,.633,.6333
09/16/2011,02:50:01,217,.6331,.6332,.633,.6333
09/16/2011,02:51:01,255,.6332,.6331,.633,.6332
09/16/2011,02:52:01,79,.6331,.6331,.633,.6333
09/16/2011,02:53:01,113,.6331,.6331,.633,.6332
09/16/2011,02:54:01,171,.6331,.6331,.633,.6332
09/16/2011,02:55:01,208,.6331,.6331,.633,.6332
09/16/2011,02:56:01,115,.6331,.6331,.633,.6332
09/16/2011,02:57:01,82,.6331,.6331,.633,.6333
09/16/2011,02:58:01,150,.6331,.6331,.633,.6333
09/16/2011,02:59:01,183,.6332,.6331,.633,.6332
09/16/2011,03:00:01,168,.633,.633,.6329,.6332
09/16/2011,03:01:01,256,.6331,.633,.633,.6332
09/16/2011,03:02:01,146,.633,.633,.633,.6332
09/16/2011,03:03:01,200,.633,.633,.6329,.6332
09/16/2011,03:04:01,113,.6331,.6331,.6329,.6331
09/16/2011,03:05:01,66,.633,.6331,.6329,.6331
09/16/2011,03:06:01,94,.633,.633,.6329,.6332
09/16/2011,03:07:01,310,.633,.633,.6328,.6331
09/16/2011,03:08:01,118,.633,.633,.6329,.6331
09/16/2011,03:09:01,211,.6331,.633,.6329,.6331
09/16/2011,03:10:01,361,.633,.633,.6329,.6331
09/16/2011,03:11:01,369,.633,.6329,.6328,.6332
09/16/2011,03:12:01,197,.6329,.6329,.6327,.633
09/16/2011,03:13:01,287,.6328,.6329,.6328,.633
09/16/2011,03:14:01,323,.6328,.6328,.6327,.6329
09/16/2011,03:15:01,293,.6328,.6328,.6327,.6329
09/16/2011,03:16:01,379,.6328,.6328,.6327,.6329
09/16/2011,03:17:01,202,.6328,.6328,.6327,.633
09/16/2011,03:18:01,278,.6328,.6328,.6327,.6329
09/16/2011,03:19:01,248,.6328,.6327,.6326,.633
09/16/2011,03:20:01,202,.6328,.6327,.6326,.6328
09/16/2011,03:21:01,225,.6327,.6328,.6326,.6328
09/16/2011,03:22:01,216,.6328,.6328,.6327,.633
09/16/2011,03:23:01,225,.6328,.6329,.6327,.633
09/16/2011,03:24:01,200,.6329,.6328,.6327,.633
09/16/2011,03:25:01,225,.6328,.6328,.6327,.633
09/16/2011,03:26:01,121,.6328,.6329,.6327,.6329
09/16/2011,03:27:01,211,.6329,.6328,.6327,.633
09/16/2011,03:28:01,274,.6328,.6328,.6326,.6329
09/16/2011,03:29:01,144,.6328,.6329,.6327,.633
09/16/2011,03:30:01,121,.6329,.6329,.6328,.633
09/16/2011,03:31:01,225,.6329,.633,.6328,.633
09/16/2011,03:32:01,171,.633,.6329,.6328,.633
09/16/2011,03:33:01,245,.6329,.6328,.6328,.633
09/16/2011,03:34:01,276,.6328,.6329,.6328,.633
09/16/2011,03:35:01,201,.6329,.6328,.6328,.633
09/16/2011,03:36:01,194,.633,.6329,.6328,.633
09/16/2011,03:37:01,154,.6329,.6329,.6328,.633
09/16/2011,03:38:01,142,.6329,.6328,.6328,.633
09/16/2011,03:39:01,195,.6328,.6328,.6327,.633
09/16/2011,03:40:01,171,.6328,.6328,.6328,.6329
09/16/2011,03:41:01,261,.6328,.6328,.6327,.6329
09/16/2011,03:42:01,204,.6328,.6328,.6328,.633
09/16/2011,03:43:01,232,.6328,.6328,.6328,.633
09/16/2011,03:44:01,257,.6328,.6329,.6328,.633
09/16/2011,03:45:01,171,.6329,.6329,.6328,.633
09/16/2011,03:46:01,89,.6328,.6329,.6328,.633
09/16/2011,03:47:01,126,.6329,.6329,.6328,.633
09/16/2011,03:48:01,254,.6329,.6328,.6328,.633
09/16/2011,03:49:01,71,.6328,.6328,.6327,.6329
09/16/2011,03:50:01,144,.6328,.6328,.6327,.6329
09/16/2011,03:51:01,164,.6328,.6328,.6327,.6329
09/16/2011,03:52:01,225,.6328,.6328,.6327,.6329
09/16/2011,03:53:01,229,.6328,.6328,.6327,.6329
09/16/2011,03:54:01,145,.6328,.6328,.6327,.6329
09/16/2011,03:55:01,111,.6328,.6328,.6327,.6329
09/16/2011,03:56:01,227,.6328,.6327,.6326,.6328
09/16/2011,03:57:01,335,.6327,.6328,.6326,.6329
09/16/2011,03:58:01,140,.6328,.6328,.6326,.6329
09/16/2011,03:59:01,87,.6328,.6329,.6327,.6329
09/16/2011,04:00:01,231,.6328,.6328,.6327,.6329
09/16/2011,04:01:01,198,.6328,.6328,.6327,.6329
09/16/2011,04:02:01,50,.6328,.6328,.6328,.6329
09/16/2011,04:03:01,158,.6328,.6328,.6327,.6329
09/16/2011,04:04:01,251,.6328,.6328,.6327,.6329
09/16/2011,04:05:01,245,.6328,.6328,.6327,.633
09/16/2011,04:06:01,121,.6328,.6328,.6327,.6329
09/16/2011,04:07:01,224,.6328,.6328,.6327,.6329
09/16/2011,04:08:01,160,.6328,.6328,.6327,.6329
09/16/2011,04:09:01,142,.6328,.6328,.6327,.6329
09/16/2011,04:10:01,149,.6328,.6328,.6327,.6329
09/16/2011,04:11:01,186,.6328,.6329,.6328,.633
09/16/2011,04:12:01,333,.6329,.6329,.6328,.633
09/16/2011,04:13:01,333,.6328,.6327,.6326,.633
09/16/2011,04:14:01,223,.6327,.6327,.6326,.6328
09/16/2011,04:15:01,153,.6327,.6327,.6326,.6328
09/16/2011,04:16:01,177,.6327,.6327,.6326,.6328
09/16/2011,04:17:01,294,.6327,.6327,.6326,.6328
09/16/2011,04:18:01,299,.6327,.6326,.6325,.6328
09/16/2011,04:19:01,115,.6326,.6326,.6325,.6327
09/16/2011,04:20:01,213,.6325,.6326,.6325,.6327
09/16/2011,04:21:01,194,.6326,.6327,.6325,.6328
09/16/2011,04:22:01,208,.6327,.6326,.6325,.6328
09/16/2011,04:23:01,55,.6326,.6326,.6325,.6327
09/16/2011,04:24:01,188,.6326,.6327,.6325,.6328
09/16/2011,04:25:01,127,.6327,.6326,.6326,.6328
09/16/2011,04:26:01,252,.6326,.6327,.6325,.6328
09/16/2011,04:27:01,188,.6326,.6326,.6326,.6328
09/16/2011,04:28:01,280,.6326,.6326,.6325,.6327
09/16/2011,04:29:01,198,.6326,.6327,.6326,.6328
09/16/2011,04:30:01,140,.6327,.6328,.6326,.6328
09/16/2011,04:31:01,163,.6327,.6328,.6326,.633
09/16/2011,04:32:01,224,.6328,.6328,.6327,.633
09/16/2011,04:33:01,185,.6328,.6328,.6327,.633
09/16/2011,04:34:01,276,.6328,.6328,.6327,.633
09/16/2011,04:35:01,203,.6328,.6328,.6328,.633
09/16/2011,04:36:01,258,.6328,.6328,.6327,.633
09/16/2011,04:37:01,145,.6328,.6327,.6327,.6329
09/16/2011,04:38:01,203,.6328,.6328,.6327,.6329
09/16/2011,04:39:01,197,.6328,.6328,.6326,.6329
09/16/2011,04:40:01,260,.6327,.6327,.6326,.6329
09/16/2011,04:41:01,166,.6327,.6327,.6326,.6329
09/16/2011,04:42:01,156,.6327,.6327,.6326,.6328
09/16/2011,04:43:01,177,.6327,.6328,.6326,.6328
09/16/2011,04:44:01,261,.6327,.6328,.6326,.6329
09/16/2011,04:45:01,222,.6329,.633,.6328,.633
09/16/2011,04:46:01,151,.6329,.6328,.6328,.633
09/16/2011,04:47:01,152,.6328,.6329,.6328,.6331
09/16/2011,04:48:01,199,.6329,.6328,.6327,.633
09/16/2011,04:49:01,162,.6328,.6328,.6327,.633
09/16/2011,04:50:01,174,.6329,.6329,.6327,.6329
09/16/2011,04:51:01,159,.6328,.6328,.6328,.633
09/16/2011,04:52:01,181,.6328,.6328,.6327,.6329
09/16/2011,04:53:01,128,.6328,.6328,.6327,.6329
09/16/2011,04:54:01,159,.6328,.6328,.6327,.6329
09/16/2011,04:55:01,226,.6328,.6328,.6327,.6329
09/16/2011,04:56:01,333,.6328,.6328,.6327,.633
09/16/2011,04:57:01,236,.6328,.6328,.6328,.6329
09/16/2011,04:58:01,279,.6328,.6328,.6327,.633
09/16/2011,04:59:01,274,.6328,.6328,.6328,.633
09/16/2011,05:00:01,336,.6328,.633,.6328,.6332
09/16/2011,05:01:01,171,.633,.633,.6329,.6332
09/16/2011,05:02:01,239,.633,.633,.6329,.6332
09/16/2011,05:03:01,294,.633,.633,.6329,.6332
09/16/2011,05:04:01,410,.633,.6328,.6327,.6331
09/16/2011,05:05:01,197,.6328,.6328,.6328,.6329
09/16/2011,05:06:01,156,.6328,.6328,.6328,.633
09/16/2011,05:07:01,338,.6329,.6328,.6327,.633
09/16/2011,05:08:01,193,.6329,.6328,.6327,.6329
09/16/2011,05:09:01,260,.6328,.6328,.6327,.6329
09/16/2011,05:10:01,285,.6328,.6328,.6326,.6329
09/16/2011,05:11:01,488,.6327,.6326,.6325,.6328
09/16/2011,05:12:01,276,.6326,.6326,.6326,.6328
09/16/2011,05:13:01,287,.6327,.6326,.6326,.6328
09/16/2011,05:14:01,296,.6326,.6326,.6325,.6328
09/16/2011,05:15:01,160,.6326,.6326,.6325,.6327
09/16/2011,05:16:01,225,.6326,.6326,.6325,.6327
09/16/2011,05:17:01,299,.6326,.6326,.6325,.6328
09/16/2011,05:18:01,284,.6326,.6325,.6324,.6328
09/16/2011,05:19:01,306,.6325,.6325,.6324,.6327
09/16/2011,05:20:01,229,.6325,.6325,.6324,.6326
09/16/2011,05:21:01,491,.6324,.6325,.6324,.6326
09/16/2011,05:22:01,379,.6324,.6326,.6324,.6327
09/16/2011,05:23:01,200,.6326,.6326,.6324,.6326
09/16/2011,05:24:01,476,.6326,.6326,.6325,.6328
09/16/2011,05:25:01,406,.6326,.6325,.6324,.6328
09/16/2011,05:26:01,250,.6325,.6326,.6324,.6326
09/16/2011,05:27:01,306,.6325,.6326,.6324,.6328
09/16/2011,05:28:01,211,.6326,.6325,.6324,.6327
09/16/2011,05:29:01,274,.6325,.6324,.6324,.6326
09/16/2011,05:30:01,196,.6325,.6324,.6323,.6326
09/16/2011,05:31:01,297,.6324,.6324,.6323,.6326
09/16/2011,05:32:01,300,.6324,.6324,.6323,.6326
09/16/2011,05:33:01,317,.6324,.6324,.6323,.6326
09/16/2011,05:34:01,229,.6324,.6323,.6322,.6325
09/16/2011,05:35:01,226,.6323,.6323,.6322,.6324
09/16/2011,05:36:01,186,.6323,.6322,.6322,.6324
09/16/2011,05:37:01,413,.6323,.6324,.6322,.6325
09/16/2011,05:38:01,378,.6324,.6324,.6322,.6326
09/16/2011,05:39:01,468,.6324,.6326,.6323,.6327
09/16/2011,05:40:01,331,.6326,.6326,.6324,.6327
09/16/2011,05:41:01,338,.6325,.6325,.6324,.6326
09/16/2011,05:42:01,365,.6324,.6325,.6324,.6326
09/16/2011,05:43:01,291,.6325,.6325,.6324,.6327
09/16/2011,05:44:01,249,.6326,.6325,.6324,.6327
09/16/2011,05:45:01,247,.6326,.6326,.6324,.6328
09/16/2011,05:46:01,206,.6326,.6326,.6325,.6328
09/16/2011,05:47:01,446,.6326,.6326,.6325,.6328
09/16/2011,05:48:01,219,.6326,.6326,.6325,.6327
09/16/2011,05:49:01,153,.6326,.6326,.6325,.6327
09/16/2011,05:50:01,338,.6326,.6327,.6326,.6329
09/16/2011,05:51:01,297,.6327,.6327,.6326,.6329
09/16/2011,05:52:01,377,.6326,.6326,.6324,.6328
09/16/2011,05:53:01,389,.6326,.6326,.6325,.6328
09/16/2011,05:54:01,223,.6326,.6327,.6325,.6328
09/16/2011,05:55:01,173,.6326,.6328,.6326,.6329
09/16/2011,05:56:01,369,.6327,.6327,.6326,.6329
09/16/2011,05:57:01,310,.6327,.6325,.6324,.6328
09/16/2011,05:58:01,210,.6325,.6325,.6324,.6327
09/16/2011,05:59:01,132,.6325,.6325,.6324,.6327
09/16/2011,06:00:01,382,.6325,.6328,.6325,.6329
09/16/2011,06:01:01,305,.6328,.6327,.6326,.6328
09/16/2011,06:02:01,466,.6327,.6326,.6326,.6329
09/16/2011,06:03:01,275,.6327,.6327,.6326,.6328
09/16/2011,06:04:01,306,.6327,.6327,.6326,.6329
09/16/2011,06:05:01,289,.6327,.6328,.6326,.6329
09/16/2011,06:06:01,496,.6328,.633,.6327,.6332
09/16/2011,06:07:01,509,.633,.633,.6329,.6332
09/16/2011,06:08:01,377,.633,.633,.633,.6332
09/16/2011,06:09:01,409,.6331,.633,.6329,.6332
09/16/2011,06:10:01,412,.633,.6328,.6328,.6332
09/16/2011,06:11:01,259,.6328,.6329,.6328,.6331
09/16/2011,06:12:01,338,.6329,.6328,.6328,.633
09/16/2011,06:13:01,464,.6329,.6327,.6326,.633
09/16/2011,06:14:01,409,.6327,.6327,.6326,.6329
09/16/2011,06:15:01,405,.6327,.6328,.6326,.633
09/16/2011,06:16:01,477,.6328,.6327,.6326,.633
09/16/2011,06:17:01,257,.6327,.6327,.6326,.6328
09/16/2011,06:18:01,395,.6326,.6328,.6326,.6329
09/16/2011,06:19:01,409,.6328,.6329,.6326,.6331
09/16/2011,06:20:01,339,.6329,.633,.6328,.6332
09/16/2011,06:21:01,359,.633,.6329,.6328,.6332
09/16/2011,06:22:01,382,.6329,.6331,.6328,.6332
09/16/2011,06:23:01,398,.6331,.633,.633,.6333
09/16/2011,06:24:01,436,.633,.633,.6328,.6333
09/16/2011,06:25:01,296,.6329,.6329,.6328,.6331
09/16/2011,06:26:01,379,.6329,.6328,.6328,.633
09/16/2011,06:27:01,196,.6328,.6329,.6328,.633
09/16/2011,06:28:01,267,.6329,.6328,.6327,.633
09/16/2011,06:29:01,411,.6328,.6327,.6326,.6329
09/16/2011,06:30:01,515,.6327,.633,.6326,.6332
09/16/2011,06:31:01,415,.633,.6332,.6329,.6334
09/16/2011,06:32:01,306,.6332,.6333,.6331,.6334
09/16/2011,06:33:01,461,.6333,.6332,.6332,.6335
09/16/2011,06:34:01,278,.6333,.6333,.6332,.6334
09/16/2011,06:35:01,301,.6333,.6333,.6332,.6334
09/16/2011,06:36:01,540,.6333,.6333,.6332,.6334
09/16/2011,06:37:01,364,.6332,.6333,.6332,.6334
09/16/2011,06:38:01,372,.6333,.6334,.6332,.6336
09/16/2011,06:39:01,491,.6334,.6335,.6333,.6337
09/16/2011,06:40:01,491,.6335,.6334,.6333,.6336
09/16/2011,06:41:01,399,.6335,.6333,.6332,.6336
09/16/2011,06:42:01,524,.6333,.6332,.633,.6334
09/16/2011,06:43:01,256,.6332,.6332,.6331,.6333
09/16/2011,06:44:01,373,.6332,.6332,.633,.6333
09/16/2011,06:45:01,369,.6332,.6332,.6331,.6333
09/16/2011,06:46:01,529,.6332,.6332,.6331,.6334
09/16/2011,06:47:01,501,.6332,.6333,.6331,.6334
09/16/2011,06:48:01,574,.6332,.6333,.6331,.6336
09/16/2011,06:49:01,314,.6333,.6334,.6332,.6334
09/16/2011,06:50:01,445,.6334,.6334,.6332,.6335
09/16/2011,06:51:01,527,.6334,.6334,.6332,.6335
09/16/2011,06:52:01,586,.6334,.6334,.6332,.6335
09/16/2011,06:53:01,538,.6334,.6334,.6332,.6336
09/16/2011,06:54:01,379,.6334,.6334,.6332,.6335
09/16/2011,06:55:01,495,.6334,.6336,.6333,.6337
09/16/2011,06:56:01,636,.6336,.6337,.6335,.6338
09/16/2011,06:57:01,586,.6336,.6336,.6335,.6338
09/16/2011,06:58:01,491,.6336,.6334,.6333,.6338
09/16/2011,06:59:01,422,.6334,.6334,.6333,.6337
09/16/2011,07:00:01,638,.6334,.6335,.6333,.6337
09/16/2011,07:01:01,669,.6335,.6336,.6334,.6338
09/16/2011,07:02:01,699,.6336,.6336,.6334,.6338
09/16/2011,07:03:01,633,.6336,.6338,.6334,.6338
09/16/2011,07:04:01,740,.6336,.6338,.6335,.634
09/16/2011,07:05:01,1031,.6337,.6341,.6336,.6342
09/16/2011,07:06:01,903,.6341,.6338,.6337,.6342
09/16/2011,07:07:01,806,.6338,.6338,.6337,.6342
09/16/2011,07:08:01,866,.6338,.6337,.6336,.634
09/16/2011,07:09:01,702,.6337,.6338,.6336,.634
09/16/2011,07:10:01,633,.6337,.6336,.6336,.6339
09/16/2011,07:11:01,810,.6337,.6339,.6336,.6341
09/16/2011,07:12:01,795,.6338,.6338,.6336,.6342
09/16/2011,07:13:01,551,.6337,.6339,.6337,.6341
09/16/2011,07:14:01,735,.634,.6342,.6338,.6343
09/16/2011,07:15:01,877,.6342,.6343,.6341,.6346
09/16/2011,07:16:01,751,.6343,.634,.6339,.6345
09/16/2011,07:17:01,700,.634,.634,.6339,.6344
09/16/2011,07:18:01,744,.6341,.6342,.6339,.6344
09/16/2011,07:19:01,805,.6342,.6341,.634,.6344
09/16/2011,07:20:01,660,.6341,.6341,.634,.6344
09/16/2011,07:21:01,739,.6341,.6339,.6338,.6342
09/16/2011,07:22:01,760,.6339,.634,.6338,.6342
09/16/2011,07:23:01,713,.634,.6341,.6339,.6342
09/16/2011,07:24:01,567,.6341,.634,.634,.6343
09/16/2011,07:25:01,645,.634,.634,.6339,.6342
09/16/2011,07:26:01,683,.634,.6342,.6339,.6343
09/16/2011,07:27:01,693,.6341,.6341,.634,.6342
09/16/2011,07:28:01,641,.6341,.6341,.6339,.6343
09/16/2011,07:29:01,639,.6341,.6343,.634,.6345
09/16/2011,07:30:01,889,.6344,.6345,.6342,.6346
09/16/2011,07:31:01,739,.6345,.6343,.6343,.6347
09/16/2011,07:32:01,684,.6344,.6344,.6341,.6346
09/16/2011,07:33:01,799,.6344,.6346,.6344,.6347
09/16/2011,07:34:01,696,.6346,.6345,.6344,.6348
09/16/2011,07:35:01,684,.6346,.6343,.6342,.6347
09/16/2011,07:36:01,578,.6343,.6343,.6341,.6345
09/16/2011,07:37:01,593,.6343,.6343,.6341,.6345
09/16/2011,07:38:01,607,.6343,.6344,.6341,.6347
09/16/2011,07:39:01,559,.6345,.6344,.6342,.6346
09/16/2011,07:40:01,723,.6344,.6345,.6344,.6348
09/16/2011,07:41:01,576,.6346,.6343,.6342,.6347
09/16/2011,07:42:01,724,.6343,.6344,.6342,.6346
09/16/2011,07:43:01,854,.6344,.6344,.6342,.6346
09/16/2011,07:44:01,799,.6344,.6344,.6342,.6347
09/16/2011,07:45:01,553,.6345,.6345,.6344,.6347
09/16/2011,07:46:01,670,.6345,.6344,.6344,.6348
09/16/2011,07:47:01,846,.6344,.6343,.6342,.6346
09/16/2011,07:48:01,750,.6343,.6344,.6343,.6346
09/16/2011,07:49:01,680,.6344,.6344,.6343,.6346
09/16/2011,07:50:01,646,.6344,.6345,.6344,.6347
09/16/2011,07:51:01,569,.6345,.6344,.6343,.6347
09/16/2011,07:52:01,623,.6344,.6342,.6342,.6345
09/16/2011,07:53:01,528,.6343,.6342,.6342,.6344
09/16/2011,07:54:01,429,.6342,.6342,.6341,.6344
09/16/2011,07:55:01,471,.6342,.6343,.6341,.6344
09/16/2011,07:56:01,312,.6342,.6342,.634,.6344
09/16/2011,07:57:01,504,.6341,.6343,.6341,.6345
09/16/2011,07:58:01,308,.6343,.6344,.6342,.6346
09/16/2011,07:59:01,457,.6344,.6344,.6343,.6346
09/16/2011,08:00:01,324,.6344,.6344,.6342,.6346
09/16/2011,08:01:01,238,.6344,.6344,.6342,.6346
09/16/2011,08:02:01,338,.6344,.6343,.6342,.6346
09/16/2011,08:03:01,465,.6343,.6344,.6342,.6346
09/16/2011,08:04:01,631,.6344,.6346,.6344,.6347
09/16/2011,08:05:01,470,.6346,.6346,.6345,.6348
09/16/2011,08:06:01,686,.6346,.635,.6345,.6351
09/16/2011,08:07:01,740,.6349,.6348,.6348,.6351
09/16/2011,08:08:01,654,.6349,.6349,.6346,.635
09/16/2011,08:09:01,483,.6349,.635,.6348,.6352
09/16/2011,08:10:01,702,.6351,.6352,.6349,.6352
09/16/2011,08:11:01,611,.6351,.6352,.635,.6353
09/16/2011,08:12:01,593,.635,.635,.635,.6353
09/16/2011,08:13:01,602,.635,.635,.6349,.6353
09/16/2011,08:14:01,649,.635,.635,.6348,.6353
09/16/2011,08:15:01,502,.635,.635,.6348,.6352
09/16/2011,08:16:01,478,.635,.635,.6349,.6352
09/16/2011,08:17:01,625,.635,.635,.6348,.6352
09/16/2011,08:18:01,611,.635,.6349,.6349,.6352
09/16/2011,08:19:01,418,.6349,.635,.6348,.6351
09/16/2011,08:20:01,518,.635,.6348,.6347,.6352
09/16/2011,08:21:01,718,.6348,.6346,.6346,.635
09/16/2011,08:22:01,711,.6346,.6343,.6342,.6349
09/16/2011,08:23:01,583,.6344,.6344,.6343,.6347
09/16/2011,08:24:01,616,.6344,.6344,.6343,.6346
09/16/2011,08:25:01,381,.6344,.6344,.6343,.6346
09/16/2011,08:26:01,439,.6344,.6345,.6344,.6346
09/16/2011,08:27:01,611,.6345,.6344,.6342,.6346
09/16/2011,08:28:01,641,.6344,.6346,.6344,.6348
09/16/2011,08:29:01,486,.6346,.6345,.6344,.6347
09/16/2011,08:30:01,537,.6344,.6346,.6344,.6347
09/16/2011,08:31:01,581,.6346,.6345,.6344,.6348
09/16/2011,08:32:01,589,.6345,.6344,.6343,.6347
09/16/2011,08:33:01,476,.6344,.6344,.6342,.6346
09/16/2011,08:34:01,417,.6344,.6344,.6343,.6346
09/16/2011,08:35:01,473,.6345,.6344,.6343,.6346
09/16/2011,08:36:01,419,.6344,.6344,.6343,.6346
09/16/2011,08:37:01,452,.6344,.6343,.6342,.6345
09/16/2011,08:38:01,521,.6343,.6342,.6341,.6344
09/16/2011,08:39:01,551,.6342,.6342,.6341,.6344
09/16/2011,08:40:01,586,.6342,.6342,.6341,.6344
09/16/2011,08:41:01,534,.6342,.6342,.6341,.6345
09/16/2011,08:42:01,667,.6342,.6342,.6341,.6346
09/16/2011,08:43:01,639,.6343,.6344,.6342,.6345
09/16/2011,08:44:01,637,.6344,.6344,.6342,.6346
09/16/2011,08:45:01,511,.6344,.6344,.6342,.6346
09/16/2011,08:46:01,555,.6344,.6344,.6343,.6346
09/16/2011,08:47:01,554,.6344,.6343,.6342,.6346
09/16/2011,08:48:01,482,.6343,.6342,.6342,.6346
09/16/2011,08:49:01,605,.6343,.6343,.6342,.6345
09/16/2011,08:50:01,624,.6344,.6343,.6342,.6344
09/16/2011,08:51:01,680,.6343,.6343,.6342,.6345
09/16/2011,08:52:01,616,.6343,.6344,.6342,.6346
09/16/2011,08:53:01,633,.6344,.6345,.6344,.6347
09/16/2011,08:54:01,548,.6345,.6344,.6342,.6346
09/16/2011,08:55:01,555,.6343,.6342,.6341,.6345
09/16/2011,08:56:01,564,.6342,.6342,.634,.6344
09/16/2011,08:57:01,612,.6342,.6342,.634,.6344
09/16/2011,08:58:01,488,.6341,.634,.634,.6343
09/16/2011,08:59:01,684,.634,.6339,.6338,.6342
09/16/2011,09:00:01,702,.6339,.6337,.6336,.634
09/16/2011,09:01:01,498,.6337,.6338,.6336,.634
09/16/2011,09:02:01,781,.6338,.6334,.6333,.634
09/16/2011,09:03:01,669,.6334,.6336,.6333,.6338
09/16/2011,09:04:01,428,.6336,.6336,.6336,.6338
09/16/2011,09:05:01,440,.6337,.6336,.6336,.6339
09/16/2011,09:06:01,593,.6337,.6339,.6336,.634
09/16/2011,09:07:01,461,.6339,.6339,.6337,.634
09/16/2011,09:08:01,339,.6339,.6338,.6337,.634
09/16/2011,09:09:01,723,.6338,.6337,.6334,.634
09/16/2011,09:10:01,605,.6337,.6336,.6335,.6338
09/16/2011,09:11:01,516,.6336,.6335,.6334,.6338
09/16/2011,09:12:01,697,.6336,.6334,.6332,.6336
09/16/2011,09:13:01,660,.6333,.6334,.6332,.6335
09/16/2011,09:14:01,616,.6334,.6332,.6331,.6335
09/16/2011,09:15:01,629,.6332,.6331,.6331,.6335
09/16/2011,09:16:01,732,.6331,.6332,.633,.6335
09/16/2011,09:17:01,649,.6332,.6333,.6331,.6335
09/16/2011,09:18:01,555,.6333,.6334,.6332,.6336
09/16/2011,09:19:01,500,.6334,.6333,.6332,.6336
09/16/2011,09:20:01,441,.6332,.6332,.6331,.6334
09/16/2011,09:21:01,583,.6332,.6332,.6331,.6334
09/16/2011,09:22:01,513,.6332,.6332,.6331,.6334
09/16/2011,09:23:01,396,.6332,.6333,.6332,.6334
09/16/2011,09:24:01,512,.6333,.6334,.6332,.6335
09/16/2011,09:25:01,665,.6334,.6333,.6332,.6336
09/16/2011,09:26:01,543,.6333,.6332,.6331,.6334
09/16/2011,09:27:01,657,.6332,.6332,.6331,.6334
09/16/2011,09:28:01,498,.6332,.6334,.6331,.6335
09/16/2011,09:29:01,450,.6334,.6336,.6333,.6337
09/16/2011,09:30:01,612,.6336,.6338,.6335,.6339
09/16/2011,09:31:01,478,.6338,.6337,.6336,.6339
09/16/2011,09:32:01,545,.6337,.6335,.6334,.6338
09/16/2011,09:33:01,450,.6336,.6336,.6334,.6338
09/16/2011,09:34:01,525,.6336,.6335,.6334,.6338
09/16/2011,09:35:01,516,.6335,.6334,.6333,.6336
09/16/2011,09:36:01,417,.6334,.6334,.6333,.6336
09/16/2011,09:37:01,468,.6334,.6334,.6333,.6336
09/16/2011,09:38:01,556,.6334,.6334,.6333,.6336
09/16/2011,09:39:01,306,.6334,.6334,.6333,.6336
09/16/2011,09:40:01,659,.6334,.6334,.6333,.6336
09/16/2011,09:41:01,534,.6335,.6334,.6333,.6336
09/16/2011,09:42:01,313,.6334,.6332,.6332,.6335
09/16/2011,09:43:01,527,.6332,.6331,.633,.6334
09/16/2011,09:44:01,749,.6331,.6328,.6327,.6333
09/16/2011,09:45:01,608,.6328,.6329,.6328,.6331
09/16/2011,09:46:01,686,.6329,.633,.6327,.6331
09/16/2011,09:47:01,592,.633,.633,.6329,.6332
09/16/2011,09:48:01,479,.633,.6328,.6327,.6331
09/16/2011,09:49:01,615,.6328,.6329,.6327,.633
09/16/2011,09:50:01,645,.6329,.6326,.6324,.633
09/16/2011,09:51:01,741,.6326,.6326,.6324,.6328
09/16/2011,09:52:01,594,.6326,.6326,.6325,.6329
09/16/2011,09:53:01,451,.6327,.6326,.6324,.6328
09/16/2011,09:54:01,444,.6326,.6326,.6325,.6327
09/16/2011,09:55:01,686,.6326,.6325,.6324,.6327
09/16/2011,09:56:01,552,.6325,.6326,.6324,.6327
09/16/2011,09:57:01,441,.6326,.6326,.6324,.6328
09/16/2011,09:58:01,642,.6326,.6324,.6323,.6327
09/16/2011,09:59:01,794,.6324,.6323,.6322,.6325
09/16/2011,10:00:01,754,.6323,.6325,.6322,.6327
09/16/2011,10:01:01,518,.6326,.6325,.6324,.6327
09/16/2011,10:02:01,519,.6325,.6326,.6324,.6328
09/16/2011,10:03:01,542,.6326,.6327,.6325,.6328
09/16/2011,10:04:01,583,.6327,.6329,.6326,.6329
09/16/2011,10:05:01,524,.6328,.6327,.6326,.6329
09/16/2011,10:06:01,377,.6327,.6327,.6326,.6329
09/16/2011,10:07:01,385,.6326,.6328,.6326,.6329
09/16/2011,10:08:01,711,.6327,.6328,.6326,.633
09/16/2011,10:09:01,510,.6328,.6328,.6326,.6329
09/16/2011,10:10:01,708,.6328,.6328,.6326,.633
09/16/2011,10:11:01,673,.6328,.6326,.6325,.633
09/16/2011,10:12:01,557,.6326,.6328,.6325,.6328
09/16/2011,10:13:01,735,.6327,.6326,.6326,.6329
09/16/2011,10:14:01,504,.6326,.6328,.6326,.6329
09/16/2011,10:15:01,761,.6327,.6326,.6324,.6328
09/16/2011,10:16:01,771,.6326,.6326,.6325,.6329
09/16/2011,10:17:01,606,.6326,.6325,.6324,.6329
09/16/2011,10:18:01,609,.6325,.6326,.6324,.6327
09/16/2011,10:19:01,625,.6326,.6325,.6324,.6328
09/16/2011,10:20:01,569,.6326,.6328,.6325,.6329
09/16/2011,10:21:01,570,.6327,.6328,.6327,.633
09/16/2011,10:22:01,605,.6328,.6328,.6327,.6331
09/16/2011,10:23:01,546,.6328,.6329,.6327,.633
09/16/2011,10:24:01,642,.6329,.633,.6328,.6331
09/16/2011,10:25:01,693,.633,.633,.6328,.6332
09/16/2011,10:26:01,699,.6329,.6329,.6328,.6331
09/16/2011,10:27:01,544,.6329,.6329,.6328,.6331
09/16/2011,10:28:01,608,.6329,.6328,.6328,.6331
09/16/2011,10:29:01,553,.6328,.6327,.6326,.633
09/16/2011,10:30:01,587,.6327,.6327,.6325,.6328
09/16/2011,10:31:01,597,.6327,.6328,.6326,.633
09/16/2011,10:32:01,607,.6328,.6328,.6326,.633
09/16/2011,10:33:01,684,.6328,.6328,.6326,.633
09/16/2011,10:34:01,647,.6328,.6327,.6326,.6329
09/16/2011,10:35:01,661,.6327,.6327,.6325,.6328
09/16/2011,10:36:01,674,.6326,.6326,.6324,.6328
09/16/2011,10:37:01,591,.6326,.6326,.6324,.6328
09/16/2011,10:38:01,539,.6326,.6326,.6324,.6328
09/16/2011,10:39:01,648,.6326,.6323,.6322,.6327
09/16/2011,10:40:01,594,.6323,.6323,.6322,.6325
09/16/2011,10:41:01,451,.6323,.6323,.6322,.6326
09/16/2011,10:42:01,492,.6324,.6323,.6322,.6325
09/16/2011,10:43:01,508,.6323,.6323,.6321,.6325
09/16/2011,10:44:01,683,.6323,.6321,.6319,.6325
09/16/2011,10:45:01,700,.6321,.632,.6319,.6323
09/16/2011,10:46:01,498,.632,.632,.6319,.6322
09/16/2011,10:47:01,505,.6321,.6321,.6319,.6322
09/16/2011,10:48:01,398,.6321,.632,.6319,.6322
09/16/2011,10:49:01,617,.632,.6321,.632,.6322
09/16/2011,10:50:01,808,.632,.6321,.6318,.6323
09/16/2011,10:51:01,839,.6322,.632,.6317,.6322
09/16/2011,10:52:01,678,.632,.6321,.6319,.6322
09/16/2011,10:53:01,605,.6321,.6322,.632,.6324
09/16/2011,10:54:01,491,.6322,.6322,.632,.6324
09/16/2011,10:55:01,492,.6322,.6322,.6321,.6324
09/16/2011,10:56:01,561,.6322,.6322,.632,.6324
09/16/2011,10:57:01,653,.6322,.6323,.632,.6325
09/16/2011,10:58:01,687,.6323,.6324,.6322,.6326
09/16/2011,10:59:01,822,.6325,.6324,.6323,.6326
09/16/2011,11:00:01,881,.6324,.6326,.6322,.6328
09/16/2011,11:01:01,701,.6326,.6326,.6323,.6327
09/16/2011,11:02:01,538,.6326,.6325,.6324,.6327
09/16/2011,11:03:01,579,.6325,.6326,.6324,.6328
09/16/2011,11:04:01,594,.6326,.6326,.6325,.6328
09/16/2011,11:05:01,561,.6325,.6326,.6324,.6328
09/16/2011,11:06:01,376,.6326,.6326,.6325,.6328
09/16/2011,11:07:01,592,.6326,.6327,.6324,.6329
09/16/2011,11:08:01,358,.6327,.6327,.6326,.6328
09/16/2011,11:09:01,521,.6327,.6326,.6325,.6329
09/16/2011,11:10:01,502,.6326,.6326,.6324,.6328
09/16/2011,11:11:01,438,.6326,.6326,.6325,.6328
09/16/2011,11:12:01,446,.6326,.6325,.6324,.6328
09/16/2011,11:13:01,747,.6325,.6325,.6324,.6327
09/16/2011,11:14:01,498,.6325,.6325,.6324,.6327
09/16/2011,11:15:01,536,.6325,.6324,.6323,.6327
09/16/2011,11:16:01,738,.6324,.6325,.6323,.6327
09/16/2011,11:17:01,623,.6325,.6325,.6323,.6326
09/16/2011,11:18:01,583,.6325,.6325,.6323,.6326
09/16/2011,11:19:01,622,.6324,.6325,.6323,.6327
09/16/2011,11:20:01,564,.6324,.6324,.6323,.6326
09/16/2011,11:21:01,562,.6324,.6325,.6324,.6327
09/16/2011,11:22:01,610,.6325,.6325,.6323,.6327
09/16/2011,11:23:01,348,.6325,.6325,.6324,.6327
09/16/2011,11:24:01,453,.6325,.6325,.6324,.6326
09/16/2011,11:25:01,332,.6325,.6326,.6324,.6327
09/16/2011,11:26:01,596,.6325,.6325,.6324,.6328
09/16/2011,11:27:01,400,.6325,.6326,.6324,.6327
09/16/2011,11:28:01,476,.6325,.6324,.6324,.6328
09/16/2011,11:29:01,451,.6325,.6322,.6322,.6326
09/16/2011,11:30:01,477,.6323,.6323,.6321,.6325
09/16/2011,11:31:01,370,.6324,.6323,.6322,.6325
09/16/2011,11:32:01,284,.6324,.6323,.6322,.6324
09/16/2011,11:33:01,444,.6324,.6325,.6322,.6327
09/16/2011,11:34:01,560,.6325,.6326,.6323,.6327
09/16/2011,11:35:01,406,.6326,.6326,.6325,.6328
09/16/2011,11:36:01,585,.6326,.6328,.6325,.633
09/16/2011,11:37:01,845,.6328,.633,.6327,.6332
09/16/2011,11:38:01,697,.633,.633,.6329,.6333
09/16/2011,11:39:01,679,.633,.6332,.6329,.6334
09/16/2011,11:40:01,591,.6332,.6332,.633,.6334
09/16/2011,11:41:01,545,.6332,.6332,.633,.6334
09/16/2011,11:42:01,532,.6332,.6334,.6332,.6335
09/16/2011,11:43:01,683,.6333,.6332,.6332,.6334
09/16/2011,11:44:01,465,.6332,.6331,.633,.6334
09/16/2011,11:45:01,606,.6331,.6332,.633,.6334
09/16/2011,11:46:01,484,.6332,.6331,.633,.6333
09/16/2011,11:47:01,389,.6331,.6331,.633,.6333
09/16/2011,11:48:01,422,.6331,.6332,.633,.6334
09/16/2011,11:49:01,449,.6332,.6331,.633,.6334
09/16/2011,11:50:01,723,.633,.6329,.6327,.6331
09/16/2011,11:51:01,590,.6328,.6328,.6327,.6331
09/16/2011,11:52:01,565,.6329,.633,.6327,.6332
09/16/2011,11:53:01,470,.633,.633,.6329,.6332
09/16/2011,11:54:01,114,.633,.6331,.6329,.6332
09/16/2011,11:55:01,363,.6331,.6332,.633,.6333
09/16/2011,11:56:01,367,.6332,.6333,.6331,.6334
09/16/2011,11:57:01,390,.6333,.633,.633,.6333
09/16/2011,11:58:01,563,.633,.633,.633,.6332
09/16/2011,11:59:01,483,.633,.633,.6329,.6332
09/16/2011,12:00:01,688,.633,.6331,.6329,.6332
09/16/2011,12:01:01,561,.6331,.6331,.633,.6332
09/16/2011,12:02:01,575,.6331,.6331,.633,.6333
09/16/2011,12:03:01,335,.6331,.6331,.633,.6332
09/16/2011,12:04:01,465,.6332,.6331,.633,.6332
09/16/2011,12:05:01,333,.6332,.6332,.633,.6333
09/16/2011,12:06:01,679,.6331,.6334,.633,.6335
09/16/2011,12:07:01,1027,.6334,.6336,.6333,.6338
09/16/2011,12:08:01,1009,.6336,.6337,.6335,.6338
09/16/2011,12:09:01,657,.6337,.6337,.6336,.6339
09/16/2011,12:10:01,844,.6337,.6339,.6336,.6341
09/16/2011,12:11:01,830,.6339,.634,.6338,.6341
09/16/2011,12:12:01,848,.634,.6338,.6338,.6341
09/16/2011,12:13:01,853,.6338,.6339,.6336,.634
09/16/2011,12:14:01,870,.6338,.6337,.6335,.634
09/16/2011,12:15:01,911,.6336,.6337,.6335,.6339
09/16/2011,12:16:01,818,.6337,.6335,.6334,.6338
09/16/2011,12:17:01,733,.6335,.6336,.6334,.6338
09/16/2011,12:18:01,460,.6336,.6336,.6335,.6338
09/16/2011,12:19:01,477,.6336,.6338,.6335,.6339
09/16/2011,12:20:01,504,.6338,.6337,.6336,.6339
09/16/2011,12:21:01,511,.6338,.6338,.6336,.6339
09/16/2011,12:22:01,493,.6338,.6337,.6336,.6339
09/16/2011,12:23:01,382,.6338,.6337,.6336,.6339
09/16/2011,12:24:01,386,.6337,.6337,.6336,.6338
09/16/2011,12:25:01,560,.6337,.6339,.6336,.634
09/16/2011,12:26:01,550,.6339,.6338,.6336,.634
09/16/2011,12:27:01,421,.6338,.6336,.6335,.6338
09/16/2011,12:28:01,311,.6336,.6336,.6334,.6337
09/16/2011,12:29:01,480,.6336,.6337,.6335,.6338
09/16/2011,12:30:01,467,.6337,.6336,.6335,.6337
09/16/2011,12:31:01,452,.6336,.6336,.6335,.6337
09/16/2011,12:32:01,451,.6336,.6336,.6335,.6337
09/16/2011,12:33:01,407,.6336,.6336,.6334,.6337
09/16/2011,12:34:01,504,.6336,.6337,.6335,.6338
09/16/2011,12:35:01,491,.6337,.6337,.6336,.6338
09/16/2011,12:36:01,494,.6337,.6336,.6335,.6338
09/16/2011,12:37:01,535,.6336,.6336,.6335,.6338
09/16/2011,12:38:01,411,.6336,.6336,.6334,.6337
09/16/2011,12:39:01,384,.6335,.6335,.6334,.6337
09/16/2011,12:40:01,519,.6335,.6334,.6333,.6336
09/16/2011,12:41:01,360,.6335,.6334,.6333,.6335
09/16/2011,12:42:01,601,.6334,.6333,.6332,.6335
09/16/2011,12:43:01,503,.6333,.6332,.6331,.6334
09/16/2011,12:44:01,477,.6332,.6334,.6331,.6334
09/16/2011,12:45:01,633,.6333,.6334,.6332,.6335
09/16/2011,12:46:01,518,.6334,.6334,.6332,.6335
09/16/2011,12:47:01,771,.6334,.6334,.6333,.6336
09/16/2011,12:48:01,514,.6334,.6335,.6334,.6336
09/16/2011,12:49:01,532,.6334,.6335,.6334,.6336
09/16/2011,12:50:01,444,.6335,.6334,.6333,.6336
09/16/2011,12:51:01,600,.6334,.6333,.6332,.6336
09/16/2011,12:52:01,506,.6333,.6333,.6332,.6335
09/16/2011,12:53:01,380,.6333,.6333,.6332,.6335
09/16/2011,12:54:01,454,.6334,.6332,.6332,.6334
09/16/2011,12:55:01,477,.6333,.6333,.6332,.6334
09/16/2011,12:56:01,800,.6333,.6332,.633,.6334
09/16/2011,12:57:01,633,.6332,.6333,.6331,.6335
09/16/2011,12:58:01,483,.6332,.6332,.6332,.6334
09/16/2011,12:59:01,535,.6332,.6332,.6331,.6333
09/16/2011,13:00:01,543,.6332,.6331,.633,.6333
09/16/2011,13:01:01,566,.633,.6333,.633,.6334
09/16/2011,13:02:01,616,.6333,.6332,.6331,.6335
09/16/2011,13:03:01,762,.6333,.6334,.6332,.6335
09/16/2011,13:04:01,583,.6334,.6334,.6332,.6336
09/16/2011,13:05:01,627,.6333,.6335,.6333,.6336
09/16/2011,13:06:01,574,.6335,.6334,.6333,.6337
09/16/2011,13:07:01,427,.6334,.6335,.6333,.6337
09/16/2011,13:08:01,451,.6335,.6336,.6334,.6336
09/16/2011,13:09:01,467,.6335,.6332,.6332,.6336
09/16/2011,13:10:01,452,.6333,.6332,.6332,.6335
09/16/2011,13:11:01,463,.6332,.6332,.6331,.6334
09/16/2011,13:12:01,401,.6332,.6331,.633,.6334
09/16/2011,13:13:01,590,.6332,.633,.6329,.6333
09/16/2011,13:14:01,487,.633,.6329,.6328,.6331
09/16/2011,13:15:01,788,.6329,.6327,.6325,.633
09/16/2011,13:16:01,598,.6327,.6325,.6324,.6329
09/16/2011,13:17:01,578,.6326,.6326,.6324,.6328
09/16/2011,13:18:01,432,.6325,.6326,.6325,.6328
09/16/2011,13:19:01,600,.6326,.6328,.6325,.633
09/16/2011,13:20:01,644,.6328,.6329,.6326,.633
09/16/2011,13:21:01,489,.6329,.6327,.6326,.633
09/16/2011,13:22:01,547,.6327,.6327,.6326,.6329
09/16/2011,13:23:01,588,.6327,.6324,.6323,.6328
09/16/2011,13:24:01,475,.6324,.6325,.6323,.6327
09/16/2011,13:25:01,457,.6325,.6324,.6323,.6326
09/16/2011,13:26:01,551,.6324,.6325,.6323,.6326
09/16/2011,13:27:01,530,.6324,.6324,.6323,.6327
09/16/2011,13:28:01,627,.6324,.6324,.6322,.6326
09/16/2011,13:29:01,577,.6324,.6323,.6322,.6325
09/16/2011,13:30:01,687,.6323,.6323,.6322,.6325
09/16/2011,13:31:01,525,.6322,.6323,.6322,.6326
09/16/2011,13:32:01,646,.6323,.6325,.6322,.6326
09/16/2011,13:33:01,615,.6325,.6326,.6324,.6327
09/16/2011,13:34:01,647,.6325,.6321,.632,.6326
09/16/2011,13:35:01,716,.632,.632,.6319,.6322
09/16/2011,13:36:01,733,.632,.6324,.632,.6326
09/16/2011,13:37:01,577,.6323,.6323,.6322,.6325
09/16/2011,13:38:01,664,.6323,.6324,.6322,.6327
09/16/2011,13:39:01,703,.6324,.6325,.6322,.6326
09/16/2011,13:40:01,785,.6325,.6323,.6322,.6326
09/16/2011,13:41:01,817,.6324,.6326,.6322,.6328
09/16/2011,13:42:01,558,.6326,.6326,.6324,.6327
09/16/2011,13:43:01,515,.6325,.6325,.6323,.6326
09/16/2011,13:44:01,435,.6324,.6324,.6323,.6326
09/16/2011,13:45:01,536,.6325,.6324,.6323,.6326
09/16/2011,13:46:01,880,.6324,.6324,.6323,.6326
09/16/2011,13:47:01,594,.6324,.6324,.6323,.6326
09/16/2011,13:48:01,627,.6324,.6324,.6322,.6326
09/16/2011,13:49:01,606,.6324,.6324,.6322,.6326
09/16/2011,13:50:01,605,.6324,.6324,.6323,.6327
09/16/2011,13:51:01,632,.6324,.6325,.6324,.6327
09/16/2011,13:52:01,471,.6325,.6325,.6324,.6327
09/16/2011,13:53:01,586,.6326,.6326,.6324,.6328
09/16/2011,13:54:01,637,.6326,.6326,.6324,.6328
09/16/2011,13:55:01,706,.6326,.6325,.6324,.6329
09/16/2011,13:56:01,785,.6324,.6325,.6324,.6328
09/16/2011,13:57:01,1158,.6325,.6321,.632,.6326
09/16/2011,13:58:01,936,.6321,.6321,.632,.6323
09/16/2011,13:59:01,1008,.6321,.6324,.632,.6326
09/16/2011,14:00:01,814,.6324,.6319,.6319,.6325
09/16/2011,14:01:01,1029,.632,.6319,.6316,.6322
09/16/2011,14:02:01,775,.6319,.632,.6318,.6322
09/16/2011,14:03:01,822,.6319,.6322,.6318,.6325
09/16/2011,14:04:01,827,.6322,.6324,.6321,.6326
09/16/2011,14:05:01,814,.6324,.6325,.6323,.6328
09/16/2011,14:06:01,654,.6326,.6323,.6322,.6326
09/16/2011,14:07:01,765,.6323,.6325,.6322,.6326
09/16/2011,14:08:01,731,.6325,.6323,.6322,.6326
09/16/2011,14:09:01,637,.6324,.632,.632,.6325
09/16/2011,14:10:01,713,.632,.6322,.632,.6324
09/16/2011,14:11:01,663,.6322,.632,.6319,.6323
09/16/2011,14:12:01,525,.632,.632,.6319,.6323
09/16/2011,14:13:01,565,.6321,.632,.6319,.6322
09/16/2011,14:14:01,678,.632,.6319,.6318,.6322
09/16/2011,14:15:01,1014,.6318,.6315,.6313,.6319
09/16/2011,14:16:01,620,.6316,.6314,.6312,.6316
09/16/2011,14:17:01,675,.6314,.6314,.6312,.6316
09/16/2011,14:18:01,702,.6314,.6314,.6312,.6316
09/16/2011,14:19:01,568,.6314,.6314,.6313,.6316
09/16/2011,14:20:01,641,.6314,.6314,.6313,.6316
09/16/2011,14:21:01,499,.6314,.6314,.6313,.6316
09/16/2011,14:22:01,740,.6314,.6316,.6313,.6318
09/16/2011,14:23:01,850,.6315,.6316,.6314,.6318
09/16/2011,14:24:01,692,.6316,.6317,.6315,.6318
09/16/2011,14:25:01,644,.6316,.6315,.6314,.6318
09/16/2011,14:26:01,738,.6315,.6316,.6314,.6318
09/16/2011,14:27:01,871,.6316,.6318,.6316,.632
09/16/2011,14:28:01,845,.6318,.6321,.6318,.6323
09/16/2011,14:29:01,953,.6322,.6324,.632,.6327
09/16/2011,14:30:01,779,.6324,.632,.632,.6325
09/16/2011,14:31:01,805,.632,.6324,.632,.6325
09/16/2011,14:32:01,808,.6324,.6324,.6321,.6326
09/16/2011,14:33:01,929,.6324,.6323,.6322,.6325
09/16/2011,14:34:01,827,.6322,.6321,.632,.6324
09/16/2011,14:35:01,810,.6322,.6324,.632,.6326
09/16/2011,14:36:01,860,.6326,.6325,.6324,.6327
09/16/2011,14:37:01,844,.6325,.6326,.6324,.6329
09/16/2011,14:38:01,736,.6327,.6325,.6324,.6329
09/16/2011,14:39:01,546,.6325,.6327,.6324,.6328
09/16/2011,14:40:01,371,.6327,.6327,.6325,.6328
09/16/2011,14:41:01,417,.6326,.6325,.6324,.6327
09/16/2011,14:42:01,637,.6325,.6323,.6322,.6326
09/16/2011,14:43:01,789,.6323,.6326,.6322,.6326
09/16/2011,14:44:01,920,.6326,.6329,.6324,.6331
09/16/2011,14:45:01,878,.6329,.633,.6327,.6334
09/16/2011,14:46:01,732,.633,.6329,.6328,.6332
09/16/2011,14:47:01,747,.6329,.6329,.6328,.6332
09/16/2011,14:48:01,777,.633,.6328,.6327,.6332
09/16/2011,14:49:01,867,.6329,.633,.6327,.6332
09/16/2011,14:50:01,790,.633,.633,.6329,.6332
09/16/2011,14:51:01,694,.633,.633,.6328,.6332
09/16/2011,14:52:01,823,.633,.6334,.6329,.6335
09/16/2011,14:53:01,768,.6333,.6334,.6331,.6336
09/16/2011,14:54:01,733,.6333,.6335,.6332,.6338
09/16/2011,14:55:01,781,.6334,.6334,.6333,.6337
09/16/2011,14:56:01,835,.6334,.6336,.6334,.6338
09/16/2011,14:57:01,835,.6336,.6335,.6334,.6338
09/16/2011,14:58:01,836,.6334,.6334,.6332,.6336
09/16/2011,14:59:01,809,.6333,.6332,.6332,.6338
09/16/2011,15:00:01,739,.6333,.6331,.6329,.6335
09/16/2011,15:01:01,802,.6331,.6328,.6327,.6333
09/16/2011,15:02:01,748,.6328,.6329,.6326,.633
09/16/2011,15:03:01,575,.6329,.633,.6328,.6332
09/16/2011,15:04:01,579,.633,.6326,.6325,.633
09/16/2011,15:05:01,668,.6326,.6328,.6326,.6329
09/16/2011,15:06:01,493,.6328,.633,.6327,.6331
09/16/2011,15:07:01,480,.6329,.6329,.6328,.6331
09/16/2011,15:08:01,689,.633,.633,.6328,.6332
09/16/2011,15:09:01,699,.633,.6331,.6328,.6332
09/16/2011,15:10:01,736,.6331,.6331,.633,.6332
09/16/2011,15:11:01,563,.633,.6329,.6328,.6332
09/16/2011,15:12:01,572,.6329,.6328,.6327,.633
09/16/2011,15:13:01,755,.6328,.633,.6326,.6332
09/16/2011,15:14:01,927,.633,.633,.6328,.6332
09/16/2011,15:15:01,710,.633,.6328,.6328,.6332
09/16/2011,15:16:01,802,.6328,.6331,.6328,.6332
09/16/2011,15:17:01,633,.6331,.633,.633,.6332
09/16/2011,15:18:01,645,.633,.633,.633,.6333
09/16/2011,15:19:01,579,.633,.6329,.6328,.6332
09/16/2011,15:20:01,750,.6328,.6329,.6327,.6331
09/16/2011,15:21:01,678,.6329,.633,.6328,.6332
09/16/2011,15:22:01,741,.633,.633,.6329,.6332
09/16/2011,15:23:01,756,.633,.633,.6328,.6332
09/16/2011,15:24:01,660,.633,.6329,.6328,.6332
09/16/2011,15:25:01,784,.6329,.633,.6328,.6332
09/16/2011,15:26:01,725,.633,.6332,.6329,.6334
09/16/2011,15:27:01,540,.6332,.633,.6329,.6333
09/16/2011,15:28:01,663,.633,.6331,.6328,.6333
09/16/2011,15:29:01,570,.6331,.633,.6329,.6332
09/16/2011,15:30:01,694,.633,.6331,.6329,.6334
09/16/2011,15:31:01,588,.6331,.6332,.633,.6334
09/16/2011,15:32:01,616,.6332,.6331,.633,.6333
09/16/2011,15:33:01,519,.6331,.633,.6329,.6332
09/16/2011,15:34:01,606,.633,.633,.6328,.6332
09/16/2011,15:35:01,585,.633,.633,.6328,.6332
09/16/2011,15:36:01,591,.6329,.6329,.6328,.6332
09/16/2011,15:37:01,440,.6329,.6329,.6328,.633
09/16/2011,15:38:01,517,.6329,.6328,.6327,.633
09/16/2011,15:39:01,546,.6329,.6329,.6328,.6331
09/16/2011,15:40:01,471,.633,.6329,.6328,.6331
09/16/2011,15:41:01,499,.6329,.6328,.6328,.6331
09/16/2011,15:42:01,679,.6328,.6326,.6325,.6329
09/16/2011,15:43:01,834,.6326,.6328,.6324,.633
09/16/2011,15:44:01,660,.6327,.633,.6326,.633
09/16/2011,15:45:01,608,.6329,.633,.6328,.6331
09/16/2011,15:46:01,549,.633,.6329,.6328,.6331
09/16/2011,15:47:01,580,.6329,.6331,.6329,.6333
09/16/2011,15:48:01,727,.6331,.6332,.633,.6334
09/16/2011,15:49:01,658,.6332,.6332,.6331,.6334
09/16/2011,15:50:01,552,.6332,.6332,.6331,.6333
09/16/2011,15:51:01,737,.6332,.6333,.6331,.6336
09/16/2011,15:52:01,788,.6333,.6332,.633,.6334
09/16/2011,15:53:01,466,.6332,.6332,.633,.6334
09/16/2011,15:54:01,556,.6331,.6333,.633,.6334
09/16/2011,15:55:01,477,.6332,.6332,.633,.6334
09/16/2011,15:56:01,600,.6331,.6331,.633,.6333
09/16/2011,15:57:01,693,.633,.633,.6329,.6332
09/16/2011,15:58:01,447,.633,.6329,.6328,.6332
09/16/2011,15:59:01,596,.633,.633,.6328,.6331
09/16/2011,16:00:01,616,.6329,.633,.6328,.6332
09/16/2011,16:01:01,641,.633,.6329,.6327,.6331
09/16/2011,16:02:01,452,.6329,.633,.6328,.6331
09/16/2011,16:03:01,457,.633,.633,.6329,.6332
09/16/2011,16:04:01,672,.633,.6329,.6328,.6331
09/16/2011,16:05:01,501,.633,.633,.6329,.6332
09/16/2011,16:06:01,458,.6329,.633,.6329,.6332
09/16/2011,16:07:01,375,.633,.633,.6328,.6331
09/16/2011,16:08:01,478,.633,.6331,.6329,.6333
09/16/2011,16:09:01,301,.6331,.633,.633,.6332
09/16/2011,16:10:01,449,.6331,.6329,.6328,.6331
09/16/2011,16:11:01,452,.6329,.6329,.6328,.6331
09/16/2011,16:12:01,513,.6329,.6329,.6329,.6332
09/16/2011,16:13:01,413,.633,.633,.6328,.6331
09/16/2011,16:14:01,256,.6329,.633,.6329,.6332
09/16/2011,16:15:01,246,.633,.6331,.633,.6332
09/16/2011,16:16:01,326,.633,.6331,.633,.6333
09/16/2011,16:17:01,220,.6331,.6332,.633,.6333
09/16/2011,16:18:01,361,.6332,.6332,.6331,.6334
09/16/2011,16:19:01,350,.6332,.6332,.6331,.6333
09/16/2011,16:20:01,454,.6332,.6332,.633,.6334
09/16/2011,16:21:01,406,.6332,.6334,.6332,.6335
09/16/2011,16:22:01,401,.6334,.6333,.6332,.6335
09/16/2011,16:23:01,243,.6333,.6335,.6332,.6335
09/16/2011,16:24:01,330,.6333,.6334,.6332,.6335
09/16/2011,16:25:01,429,.6334,.6332,.633,.6334
09/16/2011,16:26:01,571,.6331,.6331,.633,.6334
09/16/2011,16:27:01,378,.633,.6329,.6328,.6332
09/16/2011,16:28:01,335,.6329,.6331,.6329,.6332
09/16/2011,16:29:01,401,.633,.633,.6329,.6332
09/16/2011,16:30:01,392,.633,.6328,.6328,.6331
09/16/2011,16:31:01,291,.6329,.633,.6327,.633
09/16/2011,16:32:01,378,.6329,.6329,.6327,.633
09/16/2011,16:33:01,227,.6328,.6329,.6328,.633
09/16/2011,16:34:01,399,.6328,.6329,.6327,.6331
09/16/2011,16:35:01,310,.633,.6328,.6328,.633
09/16/2011,16:36:01,258,.6329,.6328,.6327,.633
09/16/2011,16:37:01,353,.6328,.6328,.6326,.6329
09/16/2011,16:38:01,208,.6327,.6329,.6327,.633
09/16/2011,16:39:01,242,.6329,.6328,.6328,.633
09/16/2011,16:40:01,307,.6329,.6329,.6328,.633
09/16/2011,16:41:01,328,.6328,.6329,.6328,.633
09/16/2011,16:42:01,201,.6329,.6328,.6328,.633
09/16/2011,16:43:01,446,.6328,.633,.6328,.6331
09/16/2011,16:44:01,454,.6329,.6329,.6328,.6331
09/16/2011,16:45:01,633,.6329,.6328,.6327,.633
09/16/2011,16:46:01,258,.6328,.6328,.6327,.633
09/16/2011,16:47:01,235,.6328,.6328,.6327,.633
09/16/2011,16:48:01,433,.6328,.6328,.6327,.633
09/16/2011,16:49:01,388,.6328,.633,.6327,.6332
09/16/2011,16:50:01,342,.6329,.6329,.6328,.6332
09/16/2011,16:51:01,423,.6329,.633,.6328,.6332
09/16/2011,16:52:01,211,.633,.633,.6329,.6331
09/16/2011,16:53:01,316,.633,.633,.6329,.6331
09/16/2011,16:54:01,238,.633,.633,.6329,.6332
09/16/2011,16:55:01,377,.633,.633,.6328,.6332
09/16/2011,16:56:01,285,.633,.6331,.6329,.6333
09/16/2011,16:57:01,360,.6331,.6331,.633,.6333
09/16/2011,16:58:01,407,.6332,.6332,.633,.6333
09/16/2011,16:59:01,441,.6331,.6334,.633,.6334
09/16/2011,17:00:01,510,.6333,.6333,.6331,.6336
09/16/2011,17:01:01,274,.6333,.6332,.6332,.6335
09/16/2011,17:02:01,213,.6332,.6332,.6332,.6334
09/16/2011,17:03:01,325,.6333,.6332,.6331,.6334
09/16/2011,17:04:01,313,.6332,.6332,.6332,.6334
09/16/2011,17:05:01,311,.6332,.6332,.6331,.6334
09/16/2011,17:06:01,438,.6332,.633,.633,.6333
09/16/2011,17:07:01,278,.633,.633,.6329,.6332
09/16/2011,17:08:01,305,.633,.633,.6329,.6332
09/16/2011,17:09:01,312,.6331,.633,.633,.6332
09/16/2011,17:10:01,285,.633,.633,.6329,.6331
09/16/2011,17:11:01,283,.633,.633,.6329,.6331
09/16/2011,17:12:01,188,.633,.633,.6329,.6331
09/16/2011,17:13:01,316,.633,.633,.6329,.6331
09/16/2011,17:14:01,210,.633,.633,.6329,.6331
09/16/2011,17:15:01,264,.633,.633,.6329,.6331
09/16/2011,17:16:01,187,.633,.633,.6329,.6332
09/16/2011,17:17:01,227,.633,.6329,.6328,.6331
09/16/2011,17:18:01,210,.6329,.6329,.6328,.633
09/16/2011,17:19:01,448,.6329,.6328,.6327,.633
09/16/2011,17:20:01,386,.6328,.6328,.6327,.633
09/16/2011,17:21:01,426,.6329,.6328,.6327,.633
09/16/2011,17:22:01,237,.6328,.6328,.6327,.6329
09/16/2011,17:23:01,315,.6328,.6328,.6327,.633
09/16/2011,17:24:01,280,.6328,.6328,.6327,.633
09/16/2011,17:25:01,209,.6328,.6327,.6326,.6329
09/16/2011,17:26:01,297,.6327,.6329,.6326,.6329
09/16/2011,17:27:01,417,.6328,.6328,.6326,.6329
09/16/2011,17:28:01,220,.6328,.6328,.6327,.633
09/16/2011,17:29:01,284,.6328,.6328,.6327,.633
09/16/2011,17:30:01,192,.6328,.6329,.6328,.633
09/16/2011,17:31:01,187,.6329,.6329,.6328,.633
09/16/2011,17:32:01,224,.6329,.633,.6328,.6331
09/16/2011,17:33:01,287,.633,.633,.6329,.6331
09/16/2011,17:34:01,280,.633,.633,.6329,.6331
09/16/2011,17:35:01,349,.633,.633,.6329,.6332
09/16/2011,17:36:01,286,.6331,.6332,.633,.6332
09/16/2011,17:37:01,309,.6331,.6331,.633,.6332
09/16/2011,17:38:01,389,.6331,.6332,.633,.6333
09/16/2011,17:39:01,440,.6332,.633,.633,.6332
09/16/2011,17:40:01,303,.6331,.633,.633,.6332
09/16/2011,17:41:01,303,.633,.6331,.633,.6332
09/16/2011,17:42:01,263,.6331,.633,.6329,.6331
09/16/2011,17:43:01,269,.633,.633,.6329,.6331
09/16/2011,17:44:01,258,.633,.633,.6329,.6331
09/16/2011,17:45:01,268,.633,.633,.6329,.6331
09/16/2011,17:46:01,185,.633,.633,.6328,.6331
09/16/2011,17:47:01,181,.633,.633,.6329,.6332
09/16/2011,17:48:01,247,.633,.6331,.6329,.6332
09/16/2011,17:49:01,172,.6331,.633,.633,.6332
09/16/2011,17:50:01,144,.633,.6331,.633,.6332
09/16/2011,17:51:01,188,.6331,.633,.6329,.6332
09/16/2011,17:52:01,179,.633,.633,.6329,.6331
09/16/2011,17:53:01,221,.633,.633,.6329,.6331
09/16/2011,17:54:01,338,.633,.633,.6329,.6332
09/16/2011,17:55:01,409,.633,.633,.6329,.6332
09/16/2011,17:56:01,312,.633,.633,.6329,.6332
09/16/2011,17:57:01,305,.633,.6331,.6329,.6332
09/16/2011,17:58:01,309,.6331,.633,.6329,.6331
09/16/2011,17:59:01,333,.633,.633,.6329,.6331
09/16/2011,18:00:01,511,.633,.633,.6328,.6331
09/16/2011,18:01:01,440,.633,.633,.6328,.6331
09/16/2011,18:02:01,263,.633,.633,.6329,.6331
09/16/2011,18:03:01,277,.633,.633,.6329,.6331
09/16/2011,18:04:01,283,.633,.633,.6329,.6332
09/16/2011,18:05:01,265,.633,.633,.6329,.6331
09/16/2011,18:06:01,346,.633,.633,.6329,.6331
09/16/2011,18:07:01,329,.633,.633,.6329,.6331
09/16/2011,18:08:01,317,.633,.633,.6329,.6332
09/16/2011,18:09:01,247,.633,.633,.6329,.6332
09/16/2011,18:10:01,328,.633,.633,.6329,.6331
09/16/2011,18:11:01,272,.633,.633,.6329,.6332
09/16/2011,18:12:01,437,.633,.6331,.633,.6332
09/16/2011,18:13:01,287,.6331,.6332,.633,.6332
09/16/2011,18:14:01,243,.6332,.6332,.633,.6333
09/16/2011,18:15:01,270,.6332,.6331,.633,.6332
09/16/2011,18:16:01,255,.633,.6331,.633,.6332
09/16/2011,18:17:01,372,.6331,.6331,.633,.6332
09/16/2011,18:18:01,308,.6331,.6331,.633,.6332
09/16/2011,18:19:01,371,.6332,.6332,.633,.6332
09/16/2011,18:20:01,397,.6331,.6333,.633,.6334
09/16/2011,18:21:01,292,.6332,.6332,.6331,.6334
09/16/2011,18:22:01,295,.6332,.6333,.6331,.6334
09/16/2011,18:23:01,370,.6333,.6333,.6332,.6334
09/16/2011,18:24:01,359,.6333,.6334,.6332,.6335
09/16/2011,18:25:01,330,.6333,.6333,.6332,.6335
09/16/2011,18:26:01,247,.6333,.6333,.6332,.6335
09/16/2011,18:27:01,287,.6333,.6333,.6332,.6334
09/16/2011,18:28:01,320,.6333,.6334,.6332,.6335
09/16/2011,18:29:01,213,.6334,.6334,.6333,.6335
09/16/2011,18:30:01,271,.6334,.6334,.6332,.6335
09/16/2011,18:31:01,188,.6334,.6334,.6332,.6334
09/16/2011,18:32:01,314,.6334,.6332,.6332,.6334
09/16/2011,18:33:01,318,.6333,.6332,.6331,.6334
09/16/2011,18:34:01,209,.6331,.6332,.633,.6333
09/16/2011,18:35:01,278,.6332,.633,.6329,.6332
09/16/2011,18:36:01,398,.6329,.633,.6328,.6332
09/16/2011,18:37:01,170,.633,.633,.6329,.6331
09/16/2011,18:38:01,262,.633,.633,.6329,.6331
09/16/2011,18:39:01,200,.633,.633,.6329,.6331
09/16/2011,18:40:01,308,.633,.6332,.6329,.6333
09/16/2011,18:41:01,302,.6332,.6331,.633,.6333
09/16/2011,18:42:01,280,.6331,.6332,.633,.6333
09/16/2011,18:43:01,155,.6332,.6333,.6331,.6334
09/16/2011,18:44:01,189,.6332,.6332,.6332,.6334
09/16/2011,18:45:01,232,.6332,.6332,.6331,.6334
09/16/2011,18:46:01,344,.6332,.6333,.6332,.6335
09/16/2011,18:47:01,344,.6333,.6333,.6331,.6334
09/16/2011,18:48:01,346,.6333,.6334,.6332,.6335
09/16/2011,18:49:01,198,.6334,.6334,.6332,.6334
09/16/2011,18:50:01,280,.6334,.6333,.6332,.6335
09/16/2011,18:51:01,254,.6333,.6333,.6332,.6334
09/16/2011,18:52:01,320,.6333,.6333,.6332,.6335
09/16/2011,18:53:01,250,.6333,.6333,.6332,.6334
09/16/2011,18:54:01,239,.6333,.6333,.6332,.6335
09/16/2011,18:55:01,326,.6333,.6333,.6332,.6334
09/16/2011,18:56:01,253,.6332,.6333,.6332,.6334
09/16/2011,18:57:01,181,.6333,.6333,.6332,.6334
09/16/2011,18:58:01,185,.6333,.6333,.6332,.6334
09/16/2011,18:59:01,480,.6333,.6334,.6332,.6335
09/16/2011,19:00:01,485,.6334,.6334,.6334,.6336
09/16/2011,19:01:01,235,.6335,.6334,.6333,.6336
09/16/2011,19:02:01,238,.6334,.6334,.6333,.6335
09/16/2011,19:03:01,169,.6334,.6334,.6334,.6335
09/16/2011,19:04:01,357,.6334,.6334,.6333,.6335
09/16/2011,19:05:01,333,.6334,.6335,.6333,.6336
09/16/2011,19:06:01,282,.6334,.6335,.6334,.6336
09/16/2011,19:07:01,205,.6335,.6335,.6334,.6336
09/16/2011,19:08:01,303,.6335,.6334,.6334,.6336
09/16/2011,19:09:01,229,.6335,.6335,.6334,.6336
09/16/2011,19:10:01,259,.6335,.6335,.6334,.6336
09/16/2011,19:11:01,278,.6335,.6335,.6334,.6336
09/16/2011,19:12:01,246,.6336,.6335,.6334,.6336
09/16/2011,19:13:01,204,.6335,.6336,.6334,.6336
09/16/2011,19:14:01,210,.6335,.6335,.6334,.6336
09/16/2011,19:15:01,213,.6335,.6334,.6334,.6336
09/16/2011,19:16:01,239,.6334,.6335,.6334,.6336
09/16/2011,19:17:01,338,.6336,.6336,.6334,.6337
09/16/2011,19:18:01,171,.6336,.6336,.6335,.6337
09/16/2011,19:19:01,176,.6335,.6335,.6334,.6337
09/16/2011,19:20:01,253,.6336,.6334,.6334,.6336
09/16/2011,19:21:01,173,.6334,.6335,.6334,.6336
09/16/2011,19:22:01,195,.6335,.6335,.6334,.6336
09/16/2011,19:23:01,225,.6334,.6334,.6333,.6336
09/16/2011,19:24:01,346,.6334,.6334,.6333,.6336
09/16/2011,19:25:01,334,.6334,.6334,.6332,.6335
09/16/2011,19:26:01,354,.6334,.6332,.6332,.6336
09/16/2011,19:27:01,304,.6333,.6332,.6331,.6334
09/16/2011,19:28:01,289,.6332,.6333,.6331,.6334
09/16/2011,19:29:01,164,.6333,.6333,.6332,.6334
09/16/2011,19:30:01,158,.6334,.6333,.6332,.6334
09/16/2011,19:31:01,194,.6333,.6334,.6332,.6334
09/16/2011,19:32:01,200,.6333,.6334,.6332,.6335
09/16/2011,19:33:01,226,.6334,.6334,.6332,.6335
09/16/2011,19:34:01,278,.6333,.6333,.6332,.6334
09/16/2011,19:35:01,164,.6334,.6334,.6332,.6335
09/16/2011,19:36:01,298,.6334,.6333,.6331,.6334
09/16/2011,19:37:01,235,.6333,.6333,.6332,.6334
09/16/2011,19:38:01,345,.6332,.6332,.6332,.6334
09/16/2011,19:39:01,279,.6332,.6332,.6331,.6334
09/16/2011,19:40:01,246,.6332,.6332,.6331,.6333
09/16/2011,19:41:01,308,.6332,.6333,.6331,.6334
09/16/2011,19:42:01,192,.6333,.6333,.6332,.6334
09/16/2011,19:43:01,259,.6333,.6334,.6332,.6335
09/16/2011,19:44:01,241,.6334,.6334,.6333,.6336
09/16/2011,19:45:01,310,.6334,.6334,.6332,.6335
09/16/2011,19:46:01,216,.6334,.6334,.6332,.6335
09/16/2011,19:47:01,280,.6334,.6333,.6332,.6334
09/16/2011,19:48:01,222,.6333,.6334,.6332,.6335
09/16/2011,19:49:01,195,.6334,.6334,.6333,.6335
09/16/2011,19:50:01,318,.6334,.6334,.6333,.6335
09/16/2011,19:51:01,261,.6334,.6334,.6333,.6335
09/16/2011,19:52:01,444,.6334,.6332,.6331,.6334
09/16/2011,19:53:01,210,.6332,.6332,.6331,.6333
09/16/2011,19:54:01,281,.6331,.6332,.6331,.6334
09/16/2011,19:55:01,275,.6332,.6333,.6332,.6334
09/16/2011,19:56:01,220,.6333,.6332,.6331,.6334
09/16/2011,19:57:01,338,.6332,.633,.6329,.6333
09/16/2011,19:58:01,391,.633,.6332,.6329,.6332
09/16/2011,19:59:01,321,.6331,.633,.633,.6332
09/16/2011,20:00:01,304,.6331,.6331,.633,.6332
09/16/2011,20:01:01,131,.6332,.6331,.633,.6332
09/16/2011,20:02:01,216,.6332,.6332,.6331,.6334
09/16/2011,20:03:01,99,.6332,.6333,.6332,.6334
09/16/2011,20:04:01,83,.6333,.6333,.6332,.6334
09/16/2011,20:05:01,141,.6333,.6332,.6332,.6334
09/16/2011,20:06:01,122,.6332,.6332,.6331,.6333
09/16/2011,20:07:01,117,.6332,.6332,.6331,.6333
09/16/2011,20:08:01,172,.6332,.6331,.633,.6333
09/16/2011,20:09:01,70,.6331,.6332,.633,.6332
09/16/2011,20:10:01,162,.6331,.6332,.6331,.6333
09/16/2011,20:11:01,138,.6332,.6332,.6331,.6334
09/16/2011,20:12:01,194,.6332,.6332,.6331,.6333
09/16/2011,20:13:01,148,.6333,.6332,.6331,.6333
09/16/2011,20:14:01,94,.6332,.6331,.633,.6333
09/16/2011,20:15:01,141,.6331,.6331,.633,.6334
09/16/2011,20:16:01,155,.6331,.6332,.6331,.6334
09/16/2011,20:17:01,107,.6333,.6333,.6332,.6334
09/16/2011,20:18:01,76,.6333,.6334,.6332,.6334
09/16/2011,20:19:01,78,.6333,.6333,.6333,.6334
09/16/2011,20:20:01,157,.6334,.6334,.6332,.6335
09/16/2011,20:21:01,105,.6334,.6334,.6334,.6336
09/16/2011,20:22:01,137,.6334,.6334,.6334,.6336
09/16/2011,20:23:01,132,.6334,.6335,.6334,.6336
09/16/2011,20:24:01,160,.6335,.6337,.6334,.6338
09/16/2011,20:25:01,253,.6336,.6335,.6334,.6338
09/16/2011,20:26:01,214,.6335,.6333,.6333,.6337
09/16/2011,20:27:01,140,.6334,.6335,.6332,.6335
09/16/2011,20:28:01,107,.6335,.6336,.6334,.6336
09/16/2011,20:29:01,222,.6335,.6337,.6334,.6338
09/16/2011,20:30:01,111,.6337,.6338,.6336,.6339
09/16/2011,20:31:01,115,.6337,.6337,.6336,.6338
09/16/2011,20:32:01,79,.6337,.6338,.6336,.6338
09/16/2011,20:33:01,176,.6337,.6339,.6337,.634
09/16/2011,20:34:01,281,.6339,.6338,.6338,.6341
09/16/2011,20:35:01,170,.6338,.6338,.6337,.634
09/16/2011,20:36:01,105,.6338,.6336,.6336,.6339
09/16/2011,20:37:01,66,.6336,.6336,.6335,.6337
09/16/2011,20:38:01,88,.6336,.6336,.6335,.6337
09/16/2011,20:39:01,122,.6336,.6336,.6335,.6338
09/16/2011,20:40:01,96,.6336,.6336,.6335,.6337
09/16/2011,20:41:01,124,.6336,.6337,.6335,.6338
09/16/2011,20:42:01,149,.6337,.6338,.6336,.6339
09/16/2011,20:43:01,213,.6338,.6338,.6336,.6339
09/16/2011,20:44:01,121,.6338,.6338,.6337,.634
09/16/2011,20:45:01,80,.6338,.6338,.6337,.6339
09/16/2011,20:46:01,54,.6338,.6339,.6337,.634
09/16/2011,20:47:01,95,.6339,.6339,.6338,.634
09/16/2011,20:48:01,124,.6339,.6337,.6336,.6339
09/16/2011,20:49:01,142,.6338,.6339,.6337,.6341
09/16/2011,20:50:01,154,.6339,.634,.6338,.6342
09/16/2011,20:51:01,88,.6339,.6338,.6337,.634
09/16/2011,20:52:01,177,.6338,.6337,.6336,.6339
09/16/2011,20:53:01,173,.6337,.6336,.6335,.6339
09/16/2011,20:54:01,117,.6336,.6336,.6336,.6338
09/16/2011,20:55:01,206,.6336,.6334,.6333,.6338
09/16/2011,20:56:01,100,.6334,.6337,.6334,.6338
09/16/2011,20:57:01,48,.6337,.6338,.6335,.6339
09/16/2011,20:58:01,58,.6338,.6338,.6335,.6339
09/16/2011,20:59:01,141,.6336,.6336,.6333,.6338
09/16/2011,21:00:01,18,.6335,.6337,.6333,.6337
09/16/2011,21:01:01,5,.6337,.6337,.6335,.6337
09/16/2011,21:02:01,6,.6337,.6336,.6335,.6337
09/16/2011,21:05:01,9,.6336,.6335,.6334,.6336
09/16/2011,21:07:01,3,.6335,.6336,.6335,.6336
09/16/2011,21:08:01,6,.6336,.6336,.6335,.6336
09/16/2011,21:09:01,3,.6336,.6336,.6335,.6336
09/16/2011,21:10:01,1,.6336,.6335,.6334,.6336
09/16/2011,21:11:01,6,.6335,.6335,.6334,.6335
09/16/2011,21:12:01,2,.6335,.6334,.6334,.6335
09/16/2011,21:15:01,4,.6334,.6335,.6334,.6335
09/16/2011,21:16:01,4,.6335,.6336,.6335,.6336
09/16/2011,21:17:01,7,.6336,.6335,.6335,.6336
09/16/2011,21:18:01,7,.6335,.6335,.6335,.6336
09/16/2011,21:19:01,6,.6335,.6336,.6335,.6336
09/16/2011,21:20:01,9,.6335,.6335,.6334,.6336
09/16/2011,21:21:01,4,.6334,.6335,.6334,.6335
09/16/2011,21:22:01,3,.6335,.6334,.6334,.6335
09/16/2011,21:23:01,5,.6334,.6335,.6334,.6335
09/16/2011,21:24:01,3,.6335,.6334,.6334,.6335
09/16/2011,21:25:01,5,.6334,.6334,.6334,.6335
09/16/2011,21:26:01,2,.6334,.6335,.6334,.6335
09/16/2011,21:27:01,5,.6335,.6335,.6335,.6336
09/16/2011,21:30:01,3,.6335,.6335,.6334,.6335
09/16/2011,21:31:01,7,.6335,.6335,.6335,.6336
09/16/2011,21:32:01,4,.6335,.6336,.6335,.6336
09/16/2011,21:36:01,3,.6335,.6335,.6334,.6336
09/16/2011,21:37:01,5,.6335,.6335,.6334,.6335
09/16/2011,21:39:01,6,.6335,.6335,.6334,.6335
09/16/2011,21:40:01,3,.6335,.6335,.6334,.6335
09/16/2011,21:41:01,4,.6335,.6336,.6334,.6336
09/16/2011,21:42:01,4,.6336,.6336,.6335,.6336
09/16/2011,21:44:01,4,.6336,.6335,.6335,.6336
09/16/2011,21:45:01,4,.6335,.6336,.6335,.6336
09/16/2011,21:46:01,3,.6336,.6336,.6335,.6336
09/16/2011,21:47:01,3,.6336,.6335,.6335,.6336
09/16/2011,21:49:01,4,.6335,.6335,.6334,.6335
09/16/2011,21:50:01,5,.6335,.6335,.6334,.6335
09/16/2011,21:51:01,7,.6335,.6336,.6335,.6336
09/16/2011,21:52:01,5,.6336,.6336,.6335,.6336
09/16/2011,21:55:01,3,.6336,.6336,.6335,.6336
09/16/2011,21:56:01,3,.6336,.6335,.6335,.6336
09/16/2011,21:57:01,1,.6335,.6336,.6335,.6336
09/16/2011,21:58:01,5,.6335,.6335,.6334,.6335
09/16/2011,21:59:01,5,.6335,.6336,.6335,.6336
09/18/2011,21:00:01,55,.6337,.6357,.6337,.6358
09/18/2011,21:01:01,82,.6357,.6357,.6355,.6358
09/18/2011,21:02:01,70,.6357,.6357,.6355,.6358
09/18/2011,21:03:01,70,.6357,.6357,.6355,.6358
09/18/2011,21:04:01,97,.6357,.6357,.6354,.6358
